,product,price,quantity,date,region,sales
0,pink morsel,3,546,06-02-2018,north,1638
1,pink morsel,3,549,06-02-2018,south,1647
2,pink morsel,3,577,06-02-2018,east,1731
3,pink morsel,3,519,06-02-2018,west,1557
4,pink morsel,3,529,07-02-2018,north,1587
5,pink morsel,3,566,07-02-2018,south,1698
6,pink morsel,3,514,07-02-2018,east,1542
7,pink morsel,3,545,07-02-2018,west,1635
8,pink morsel,3,534,08-02-2018,north,1602
9,pink morsel,3,512,08-02-2018,south,1536
10,pink morsel,3,501,08-02-2018,east,1503
11,pink morsel,3,567,08-02-2018,west,1701
12,pink morsel,3,586,09-02-2018,north,1758
13,pink morsel,3,554,09-02-2018,south,1662
14,pink morsel,3,594,09-02-2018,east,1782
15,pink morsel,3,505,09-02-2018,west,1515
16,pink morsel,3,554,10-02-2018,north,1662
17,pink morsel,3,519,10-02-2018,south,1557
18,pink morsel,3,550,10-02-2018,east,1650
19,pink morsel,3,558,10-02-2018,west,1674
20,pink morsel,3,518,11-02-2018,north,1554
21,pink morsel,3,529,11-02-2018,south,1587
22,pink morsel,3,521,11-02-2018,east,1563
23,pink morsel,3,588,11-02-2018,west,1764
24,pink morsel,3,586,12-02-2018,north,1758
25,pink morsel,3,536,12-02-2018,south,1608
26,pink morsel,3,523,12-02-2018,east,1569
27,pink morsel,3,551,12-02-2018,west,1653
28,pink morsel,3,524,13-02-2018,north,1572
29,pink morsel,3,572,13-02-2018,south,1716
30,pink morsel,3,591,13-02-2018,east,1773
31,pink morsel,3,575,13-02-2018,west,1725
32,pink morsel,3,589,14-02-2018,north,1767
33,pink morsel,3,570,14-02-2018,south,1710
34,pink morsel,3,566,14-02-2018,east,1698
35,pink morsel,3,504,14-02-2018,west,1512
36,pink morsel,3,582,15-02-2018,north,1746
37,pink morsel,3,578,15-02-2018,south,1734
38,pink morsel,3,508,15-02-2018,east,1524
39,pink morsel,3,538,15-02-2018,west,1614
40,pink morsel,3,526,16-02-2018,north,1578
41,pink morsel,3,594,16-02-2018,south,1782
42,pink morsel,3,509,16-02-2018,east,1527
43,pink morsel,3,584,16-02-2018,west,1752
44,pink morsel,3,595,17-02-2018,north,1785
45,pink morsel,3,563,17-02-2018,south,1689
46,pink morsel,3,547,17-02-2018,east,1641
47,pink morsel,3,525,17-02-2018,west,1575
48,pink morsel,3,548,18-02-2018,north,1644
49,pink morsel,3,558,18-02-2018,south,1674
50,pink morsel,3,517,18-02-2018,east,1551
51,pink morsel,3,579,18-02-2018,west,1737
52,pink morsel,3,521,19-02-2018,north,1563
53,pink morsel,3,549,19-02-2018,south,1647
54,pink morsel,3,535,19-02-2018,east,1605
55,pink morsel,3,513,19-02-2018,west,1539
56,pink morsel,3,566,20-02-2018,north,1698
57,pink morsel,3,525,20-02-2018,south,1575
58,pink morsel,3,500,20-02-2018,east,1500
59,pink morsel,3,517,20-02-2018,west,1551
60,pink morsel,3,579,21-02-2018,north,1737
61,pink morsel,3,514,21-02-2018,south,1542
62,pink morsel,3,555,21-02-2018,east,1665
63,pink morsel,3,516,21-02-2018,west,1548
64,pink morsel,3,545,22-02-2018,north,1635
65,pink morsel,3,544,22-02-2018,south,1632
66,pink morsel,3,556,22-02-2018,east,1668
67,pink morsel,3,588,22-02-2018,west,1764
68,pink morsel,3,511,23-02-2018,north,1533
69,pink morsel,3,521,23-02-2018,south,1563
70,pink morsel,3,547,23-02-2018,east,1641
71,pink morsel,3,591,23-02-2018,west,1773
72,pink morsel,3,543,24-02-2018,north,1629
73,pink morsel,3,566,24-02-2018,south,1698
74,pink morsel,3,575,24-02-2018,east,1725
75,pink morsel,3,574,24-02-2018,west,1722
76,pink morsel,3,532,25-02-2018,north,1596
77,pink morsel,3,570,25-02-2018,south,1710
78,pink morsel,3,545,25-02-2018,east,1635
79,pink morsel,3,553,25-02-2018,west,1659
80,pink morsel,3,562,26-02-2018,north,1686
81,pink morsel,3,511,26-02-2018,south,1533
82,pink morsel,3,508,26-02-2018,east,1524
83,pink morsel,3,510,26-02-2018,west,1530
84,pink morsel,3,555,27-02-2018,north,1665
85,pink morsel,3,565,27-02-2018,south,1695
86,pink morsel,3,526,27-02-2018,east,1578
87,pink morsel,3,540,27-02-2018,west,1620
88,pink morsel,3,589,28-02-2018,north,1767
89,pink morsel,3,531,28-02-2018,south,1593
90,pink morsel,3,581,28-02-2018,east,1743
91,pink morsel,3,519,28-02-2018,west,1557
92,pink morsel,3,556,01-03-2018,north,1668
93,pink morsel,3,594,01-03-2018,south,1782
94,pink morsel,3,509,01-03-2018,east,1527
95,pink morsel,3,556,01-03-2018,west,1668
96,pink morsel,3,545,02-03-2018,north,1635
97,pink morsel,3,523,02-03-2018,south,1569
98,pink morsel,3,582,02-03-2018,east,1746
99,pink morsel,3,591,02-03-2018,west,1773
100,pink morsel,3,513,03-03-2018,north,1539
101,pink morsel,3,500,03-03-2018,south,1500
102,pink morsel,3,523,03-03-2018,east,1569
103,pink morsel,3,519,03-03-2018,west,1557
104,pink morsel,3,591,04-03-2018,north,1773
105,pink morsel,3,548,04-03-2018,south,1644
106,pink morsel,3,538,04-03-2018,east,1614
107,pink morsel,3,558,04-03-2018,west,1674
108,pink morsel,3,511,05-03-2018,north,1533
109,pink morsel,3,551,05-03-2018,south,1653
110,pink morsel,3,519,05-03-2018,east,1557
111,pink morsel,3,582,05-03-2018,west,1746
112,pink morsel,3,573,06-03-2018,north,1719
113,pink morsel,3,573,06-03-2018,south,1719
114,pink morsel,3,553,06-03-2018,east,1659
115,pink morsel,3,600,06-03-2018,west,1800
116,pink morsel,3,527,07-03-2018,north,1581
117,pink morsel,3,534,07-03-2018,south,1602
118,pink morsel,3,536,07-03-2018,east,1608
119,pink morsel,3,550,07-03-2018,west,1650
120,pink morsel,3,537,08-03-2018,north,1611
121,pink morsel,3,510,08-03-2018,south,1530
122,pink morsel,3,566,08-03-2018,east,1698
123,pink morsel,3,556,08-03-2018,west,1668
124,pink morsel,3,582,09-03-2018,north,1746
125,pink morsel,3,508,09-03-2018,south,1524
126,pink morsel,3,502,09-03-2018,east,1506
127,pink morsel,3,568,09-03-2018,west,1704
128,pink morsel,3,596,10-03-2018,north,1788
129,pink morsel,3,573,10-03-2018,south,1719
130,pink morsel,3,582,10-03-2018,east,1746
131,pink morsel,3,528,10-03-2018,west,1584
132,pink morsel,3,564,11-03-2018,north,1692
133,pink morsel,3,545,11-03-2018,south,1635
134,pink morsel,3,536,11-03-2018,east,1608
135,pink morsel,3,530,11-03-2018,west,1590
136,pink morsel,3,533,12-03-2018,north,1599
137,pink morsel,3,506,12-03-2018,south,1518
138,pink morsel,3,534,12-03-2018,east,1602
139,pink morsel,3,553,12-03-2018,west,1659
140,pink morsel,3,548,13-03-2018,north,1644
141,pink morsel,3,537,13-03-2018,south,1611
142,pink morsel,3,518,13-03-2018,east,1554
143,pink morsel,3,505,13-03-2018,west,1515
144,pink morsel,3,505,14-03-2018,north,1515
145,pink morsel,3,544,14-03-2018,south,1632
146,pink morsel,3,504,14-03-2018,east,1512
147,pink morsel,3,592,14-03-2018,west,1776
148,pink morsel,3,559,15-03-2018,north,1677
149,pink morsel,3,501,15-03-2018,south,1503
150,pink morsel,3,535,15-03-2018,east,1605
151,pink morsel,3,549,15-03-2018,west,1647
152,pink morsel,3,502,16-03-2018,north,1506
153,pink morsel,3,579,16-03-2018,south,1737
154,pink morsel,3,530,16-03-2018,east,1590
155,pink morsel,3,589,16-03-2018,west,1767
156,pink morsel,3,531,17-03-2018,north,1593
157,pink morsel,3,538,17-03-2018,south,1614
158,pink morsel,3,570,17-03-2018,east,1710
159,pink morsel,3,554,17-03-2018,west,1662
160,pink morsel,3,550,18-03-2018,north,1650
161,pink morsel,3,585,18-03-2018,south,1755
162,pink morsel,3,566,18-03-2018,east,1698
163,pink morsel,3,553,18-03-2018,west,1659
164,pink morsel,3,561,19-03-2018,north,1683
165,pink morsel,3,503,19-03-2018,south,1509
166,pink morsel,3,500,19-03-2018,east,1500
167,pink morsel,3,515,19-03-2018,west,1545
168,pink morsel,3,549,20-03-2018,north,1647
169,pink morsel,3,538,20-03-2018,south,1614
170,pink morsel,3,543,20-03-2018,east,1629
171,pink morsel,3,559,20-03-2018,west,1677
172,pink morsel,3,581,21-03-2018,north,1743
173,pink morsel,3,523,21-03-2018,south,1569
174,pink morsel,3,531,21-03-2018,east,1593
175,pink morsel,3,526,21-03-2018,west,1578
176,pink morsel,3,526,22-03-2018,north,1578
177,pink morsel,3,527,22-03-2018,south,1581
178,pink morsel,3,551,22-03-2018,east,1653
179,pink morsel,3,526,22-03-2018,west,1578
180,pink morsel,3,587,23-03-2018,north,1761
181,pink morsel,3,537,23-03-2018,south,1611
182,pink morsel,3,583,23-03-2018,east,1749
183,pink morsel,3,588,23-03-2018,west,1764
184,pink morsel,3,572,24-03-2018,north,1716
185,pink morsel,3,570,24-03-2018,south,1710
186,pink morsel,3,600,24-03-2018,east,1800
187,pink morsel,3,576,24-03-2018,west,1728
188,pink morsel,3,581,25-03-2018,north,1743
189,pink morsel,3,588,25-03-2018,south,1764
190,pink morsel,3,580,25-03-2018,east,1740
191,pink morsel,3,569,25-03-2018,west,1707
192,pink morsel,3,503,26-03-2018,north,1509
193,pink morsel,3,547,26-03-2018,south,1641
194,pink morsel,3,511,26-03-2018,east,1533
195,pink morsel,3,584,26-03-2018,west,1752
196,pink morsel,3,589,27-03-2018,north,1767
197,pink morsel,3,530,27-03-2018,south,1590
198,pink morsel,3,511,27-03-2018,east,1533
199,pink morsel,3,568,27-03-2018,west,1704
200,pink morsel,3,557,28-03-2018,north,1671
201,pink morsel,3,509,28-03-2018,south,1527
202,pink morsel,3,508,28-03-2018,east,1524
203,pink morsel,3,543,28-03-2018,west,1629
204,pink morsel,3,574,29-03-2018,north,1722
205,pink morsel,3,519,29-03-2018,south,1557
206,pink morsel,3,562,29-03-2018,east,1686
207,pink morsel,3,593,29-03-2018,west,1779
208,pink morsel,3,578,30-03-2018,north,1734
209,pink morsel,3,592,30-03-2018,south,1776
210,pink morsel,3,518,30-03-2018,east,1554
211,pink morsel,3,575,30-03-2018,west,1725
212,pink morsel,3,539,31-03-2018,north,1617
213,pink morsel,3,545,31-03-2018,south,1635
214,pink morsel,3,535,31-03-2018,east,1605
215,pink morsel,3,595,31-03-2018,west,1785
216,pink morsel,3,587,01-04-2018,north,1761
217,pink morsel,3,510,01-04-2018,south,1530
218,pink morsel,3,570,01-04-2018,east,1710
219,pink morsel,3,502,01-04-2018,west,1506
220,pink morsel,3,503,02-04-2018,north,1509
221,pink morsel,3,599,02-04-2018,south,1797
222,pink morsel,3,554,02-04-2018,east,1662
223,pink morsel,3,510,02-04-2018,west,1530
224,pink morsel,3,589,03-04-2018,north,1767
225,pink morsel,3,589,03-04-2018,south,1767
226,pink morsel,3,538,03-04-2018,east,1614
227,pink morsel,3,511,03-04-2018,west,1533
228,pink morsel,3,589,04-04-2018,north,1767
229,pink morsel,3,587,04-04-2018,south,1761
230,pink morsel,3,522,04-04-2018,east,1566
231,pink morsel,3,541,04-04-2018,west,1623
232,pink morsel,3,502,05-04-2018,north,1506
233,pink morsel,3,504,05-04-2018,south,1512
234,pink morsel,3,564,05-04-2018,east,1692
235,pink morsel,3,583,05-04-2018,west,1749
236,pink morsel,3,567,06-04-2018,north,1701
237,pink morsel,3,584,06-04-2018,south,1752
238,pink morsel,3,544,06-04-2018,east,1632
239,pink morsel,3,505,06-04-2018,west,1515
240,pink morsel,3,575,07-04-2018,north,1725
241,pink morsel,3,537,07-04-2018,south,1611
242,pink morsel,3,596,07-04-2018,east,1788
243,pink morsel,3,539,07-04-2018,west,1617
244,pink morsel,3,552,08-04-2018,north,1656
245,pink morsel,3,558,08-04-2018,south,1674
246,pink morsel,3,519,08-04-2018,east,1557
247,pink morsel,3,567,08-04-2018,west,1701
248,pink morsel,3,562,09-04-2018,north,1686
249,pink morsel,3,594,09-04-2018,south,1782
250,pink morsel,3,547,09-04-2018,east,1641
251,pink morsel,3,519,09-04-2018,west,1557
252,pink morsel,3,562,10-04-2018,north,1686
253,pink morsel,3,509,10-04-2018,south,1527
254,pink morsel,3,566,10-04-2018,east,1698
255,pink morsel,3,576,10-04-2018,west,1728
256,pink morsel,3,557,11-04-2018,north,1671
257,pink morsel,3,509,11-04-2018,south,1527
258,pink morsel,3,527,11-04-2018,east,1581
259,pink morsel,3,588,11-04-2018,west,1764
260,pink morsel,3,551,12-04-2018,north,1653
261,pink morsel,3,542,12-04-2018,south,1626
262,pink morsel,3,594,12-04-2018,east,1782
263,pink morsel,3,583,12-04-2018,west,1749
264,pink morsel,3,513,13-04-2018,north,1539
265,pink morsel,3,584,13-04-2018,south,1752
266,pink morsel,3,558,13-04-2018,east,1674
267,pink morsel,3,583,13-04-2018,west,1749
268,pink morsel,3,523,14-04-2018,north,1569
269,pink morsel,3,598,14-04-2018,south,1794
270,pink morsel,3,558,14-04-2018,east,1674
271,pink morsel,3,546,14-04-2018,west,1638
272,pink morsel,3,505,15-04-2018,north,1515
273,pink morsel,3,509,15-04-2018,south,1527
274,pink morsel,3,534,15-04-2018,east,1602
275,pink morsel,3,551,15-04-2018,west,1653
276,pink morsel,3,534,16-04-2018,north,1602
277,pink morsel,3,569,16-04-2018,south,1707
278,pink morsel,3,516,16-04-2018,east,1548
279,pink morsel,3,509,16-04-2018,west,1527
280,pink morsel,3,533,17-04-2018,north,1599
281,pink morsel,3,576,17-04-2018,south,1728
282,pink morsel,3,568,17-04-2018,east,1704
283,pink morsel,3,513,17-04-2018,west,1539
284,pink morsel,3,515,18-04-2018,north,1545
285,pink morsel,3,599,18-04-2018,south,1797
286,pink morsel,3,505,18-04-2018,east,1515
287,pink morsel,3,573,18-04-2018,west,1719
288,pink morsel,3,571,19-04-2018,north,1713
289,pink morsel,3,558,19-04-2018,south,1674
290,pink morsel,3,589,19-04-2018,east,1767
291,pink morsel,3,589,19-04-2018,west,1767
292,pink morsel,3,556,20-04-2018,north,1668
293,pink morsel,3,540,20-04-2018,south,1620
294,pink morsel,3,559,20-04-2018,east,1677
295,pink morsel,3,503,20-04-2018,west,1509
296,pink morsel,3,561,21-04-2018,north,1683
297,pink morsel,3,581,21-04-2018,south,1743
298,pink morsel,3,548,21-04-2018,east,1644
299,pink morsel,3,526,21-04-2018,west,1578
300,pink morsel,3,524,22-04-2018,north,1572
301,pink morsel,3,515,22-04-2018,south,1545
302,pink morsel,3,519,22-04-2018,east,1557
303,pink morsel,3,542,22-04-2018,west,1626
304,pink morsel,3,570,23-04-2018,north,1710
305,pink morsel,3,553,23-04-2018,south,1659
306,pink morsel,3,555,23-04-2018,east,1665
307,pink morsel,3,507,23-04-2018,west,1521
308,pink morsel,3,501,24-04-2018,north,1503
309,pink morsel,3,550,24-04-2018,south,1650
310,pink morsel,3,563,24-04-2018,east,1689
311,pink morsel,3,581,24-04-2018,west,1743
312,pink morsel,3,541,25-04-2018,north,1623
313,pink morsel,3,501,25-04-2018,south,1503
314,pink morsel,3,586,25-04-2018,east,1758
315,pink morsel,3,519,25-04-2018,west,1557
316,pink morsel,3,571,26-04-2018,north,1713
317,pink morsel,3,578,26-04-2018,south,1734
318,pink morsel,3,580,26-04-2018,east,1740
319,pink morsel,3,521,26-04-2018,west,1563
320,pink morsel,3,572,27-04-2018,north,1716
321,pink morsel,3,597,27-04-2018,south,1791
322,pink morsel,3,558,27-04-2018,east,1674
323,pink morsel,3,572,27-04-2018,west,1716
324,pink morsel,3,544,28-04-2018,north,1632
325,pink morsel,3,547,28-04-2018,south,1641
326,pink morsel,3,528,28-04-2018,east,1584
327,pink morsel,3,530,28-04-2018,west,1590
328,pink morsel,3,571,29-04-2018,north,1713
329,pink morsel,3,531,29-04-2018,south,1593
330,pink morsel,3,580,29-04-2018,east,1740
331,pink morsel,3,546,29-04-2018,west,1638
332,pink morsel,3,551,30-04-2018,north,1653
333,pink morsel,3,530,30-04-2018,south,1590
334,pink morsel,3,531,30-04-2018,east,1593
335,pink morsel,3,534,30-04-2018,west,1602
336,pink morsel,3,595,01-05-2018,north,1785
337,pink morsel,3,588,01-05-2018,south,1764
338,pink morsel,3,502,01-05-2018,east,1506
339,pink morsel,3,512,01-05-2018,west,1536
340,pink morsel,3,541,02-05-2018,north,1623
341,pink morsel,3,558,02-05-2018,south,1674
342,pink morsel,3,597,02-05-2018,east,1791
343,pink morsel,3,551,02-05-2018,west,1653
344,pink morsel,3,595,03-05-2018,north,1785
345,pink morsel,3,523,03-05-2018,south,1569
346,pink morsel,3,500,03-05-2018,east,1500
347,pink morsel,3,590,03-05-2018,west,1770
348,pink morsel,3,551,04-05-2018,north,1653
349,pink morsel,3,530,04-05-2018,south,1590
350,pink morsel,3,557,04-05-2018,east,1671
351,pink morsel,3,543,04-05-2018,west,1629
352,pink morsel,3,526,05-05-2018,north,1578
353,pink morsel,3,555,05-05-2018,south,1665
354,pink morsel,3,525,05-05-2018,east,1575
355,pink morsel,3,529,05-05-2018,west,1587
356,pink morsel,3,558,06-05-2018,north,1674
357,pink morsel,3,595,06-05-2018,south,1785
358,pink morsel,3,573,06-05-2018,east,1719
359,pink morsel,3,539,06-05-2018,west,1617
360,pink morsel,3,598,07-05-2018,north,1794
361,pink morsel,3,521,07-05-2018,south,1563
362,pink morsel,3,576,07-05-2018,east,1728
363,pink morsel,3,580,07-05-2018,west,1740
364,pink morsel,3,539,08-05-2018,north,1617
365,pink morsel,3,550,08-05-2018,south,1650
366,pink morsel,3,576,08-05-2018,east,1728
367,pink morsel,3,545,08-05-2018,west,1635
368,pink morsel,3,528,09-05-2018,north,1584
369,pink morsel,3,549,09-05-2018,south,1647
370,pink morsel,3,517,09-05-2018,east,1551
371,pink morsel,3,504,09-05-2018,west,1512
372,pink morsel,3,579,10-05-2018,north,1737
373,pink morsel,3,517,10-05-2018,south,1551
374,pink morsel,3,505,10-05-2018,east,1515
375,pink morsel,3,572,10-05-2018,west,1716
376,pink morsel,3,582,11-05-2018,north,1746
377,pink morsel,3,559,11-05-2018,south,1677
378,pink morsel,3,528,11-05-2018,east,1584
379,pink morsel,3,539,11-05-2018,west,1617
380,pink morsel,3,581,12-05-2018,north,1743
381,pink morsel,3,511,12-05-2018,south,1533
382,pink morsel,3,507,12-05-2018,east,1521
383,pink morsel,3,526,12-05-2018,west,1578
384,pink morsel,3,515,13-05-2018,north,1545
385,pink morsel,3,571,13-05-2018,south,1713
386,pink morsel,3,555,13-05-2018,east,1665
387,pink morsel,3,548,13-05-2018,west,1644
388,pink morsel,3,592,14-05-2018,north,1776
389,pink morsel,3,520,14-05-2018,south,1560
390,pink morsel,3,548,14-05-2018,east,1644
391,pink morsel,3,501,14-05-2018,west,1503
392,pink morsel,3,600,15-05-2018,north,1800
393,pink morsel,3,586,15-05-2018,south,1758
394,pink morsel,3,567,15-05-2018,east,1701
395,pink morsel,3,557,15-05-2018,west,1671
396,pink morsel,3,531,16-05-2018,north,1593
397,pink morsel,3,539,16-05-2018,south,1617
398,pink morsel,3,542,16-05-2018,east,1626
399,pink morsel,3,543,16-05-2018,west,1629
400,pink morsel,3,576,17-05-2018,north,1728
401,pink morsel,3,502,17-05-2018,south,1506
402,pink morsel,3,530,17-05-2018,east,1590
403,pink morsel,3,542,17-05-2018,west,1626
404,pink morsel,3,594,18-05-2018,north,1782
405,pink morsel,3,524,18-05-2018,south,1572
406,pink morsel,3,513,18-05-2018,east,1539
407,pink morsel,3,503,18-05-2018,west,1509
408,pink morsel,3,596,19-05-2018,north,1788
409,pink morsel,3,571,19-05-2018,south,1713
410,pink morsel,3,542,19-05-2018,east,1626
411,pink morsel,3,543,19-05-2018,west,1629
412,pink morsel,3,516,20-05-2018,north,1548
413,pink morsel,3,572,20-05-2018,south,1716
414,pink morsel,3,584,20-05-2018,east,1752
415,pink morsel,3,546,20-05-2018,west,1638
416,pink morsel,3,525,21-05-2018,north,1575
417,pink morsel,3,557,21-05-2018,south,1671
418,pink morsel,3,542,21-05-2018,east,1626
419,pink morsel,3,524,21-05-2018,west,1572
420,pink morsel,3,524,22-05-2018,north,1572
421,pink morsel,3,523,22-05-2018,south,1569
422,pink morsel,3,527,22-05-2018,east,1581
423,pink morsel,3,507,22-05-2018,west,1521
424,pink morsel,3,547,23-05-2018,north,1641
425,pink morsel,3,564,23-05-2018,south,1692
426,pink morsel,3,571,23-05-2018,east,1713
427,pink morsel,3,521,23-05-2018,west,1563
428,pink morsel,3,508,24-05-2018,north,1524
429,pink morsel,3,511,24-05-2018,south,1533
430,pink morsel,3,565,24-05-2018,east,1695
431,pink morsel,3,511,24-05-2018,west,1533
432,pink morsel,3,533,25-05-2018,north,1599
433,pink morsel,3,555,25-05-2018,south,1665
434,pink morsel,3,571,25-05-2018,east,1713
435,pink morsel,3,548,25-05-2018,west,1644
436,pink morsel,3,592,26-05-2018,north,1776
437,pink morsel,3,510,26-05-2018,south,1530
438,pink morsel,3,550,26-05-2018,east,1650
439,pink morsel,3,504,26-05-2018,west,1512
440,pink morsel,3,543,27-05-2018,north,1629
441,pink morsel,3,569,27-05-2018,south,1707
442,pink morsel,3,507,27-05-2018,east,1521
443,pink morsel,3,587,27-05-2018,west,1761
444,pink morsel,3,585,28-05-2018,north,1755
445,pink morsel,3,553,28-05-2018,south,1659
446,pink morsel,3,600,28-05-2018,east,1800
447,pink morsel,3,513,28-05-2018,west,1539
448,pink morsel,3,571,29-05-2018,north,1713
449,pink morsel,3,584,29-05-2018,south,1752
450,pink morsel,3,543,29-05-2018,east,1629
451,pink morsel,3,545,29-05-2018,west,1635
452,pink morsel,3,558,30-05-2018,north,1674
453,pink morsel,3,567,30-05-2018,south,1701
454,pink morsel,3,538,30-05-2018,east,1614
455,pink morsel,3,598,30-05-2018,west,1794
456,pink morsel,3,575,31-05-2018,north,1725
457,pink morsel,3,553,31-05-2018,south,1659
458,pink morsel,3,512,31-05-2018,east,1536
459,pink morsel,3,540,31-05-2018,west,1620
460,pink morsel,3,598,01-06-2018,north,1794
461,pink morsel,3,541,01-06-2018,south,1623
462,pink morsel,3,555,01-06-2018,east,1665
463,pink morsel,3,557,01-06-2018,west,1671
464,pink morsel,3,584,02-06-2018,north,1752
465,pink morsel,3,569,02-06-2018,south,1707
466,pink morsel,3,599,02-06-2018,east,1797
467,pink morsel,3,556,02-06-2018,west,1668
468,pink morsel,3,532,03-06-2018,north,1596
469,pink morsel,3,501,03-06-2018,south,1503
470,pink morsel,3,526,03-06-2018,east,1578
471,pink morsel,3,560,03-06-2018,west,1680
472,pink morsel,3,536,04-06-2018,north,1608
473,pink morsel,3,561,04-06-2018,south,1683
474,pink morsel,3,524,04-06-2018,east,1572
475,pink morsel,3,552,04-06-2018,west,1656
476,pink morsel,3,571,05-06-2018,north,1713
477,pink morsel,3,566,05-06-2018,south,1698
478,pink morsel,3,519,05-06-2018,east,1557
479,pink morsel,3,594,05-06-2018,west,1782
480,pink morsel,3,565,06-06-2018,north,1695
481,pink morsel,3,560,06-06-2018,south,1680
482,pink morsel,3,587,06-06-2018,east,1761
483,pink morsel,3,553,06-06-2018,west,1659
484,pink morsel,3,506,07-06-2018,north,1518
485,pink morsel,3,524,07-06-2018,south,1572
486,pink morsel,3,595,07-06-2018,east,1785
487,pink morsel,3,519,07-06-2018,west,1557
488,pink morsel,3,573,08-06-2018,north,1719
489,pink morsel,3,559,08-06-2018,south,1677
490,pink morsel,3,565,08-06-2018,east,1695
491,pink morsel,3,534,08-06-2018,west,1602
492,pink morsel,3,594,09-06-2018,north,1782
493,pink morsel,3,591,09-06-2018,south,1773
494,pink morsel,3,552,09-06-2018,east,1656
495,pink morsel,3,555,09-06-2018,west,1665
496,pink morsel,3,526,10-06-2018,north,1578
497,pink morsel,3,547,10-06-2018,south,1641
498,pink morsel,3,579,10-06-2018,east,1737
499,pink morsel,3,519,10-06-2018,west,1557
500,pink morsel,3,596,11-06-2018,north,1788
501,pink morsel,3,559,11-06-2018,south,1677
502,pink morsel,3,566,11-06-2018,east,1698
503,pink morsel,3,576,11-06-2018,west,1728
504,pink morsel,3,592,12-06-2018,north,1776
505,pink morsel,3,517,12-06-2018,south,1551
506,pink morsel,3,516,12-06-2018,east,1548
507,pink morsel,3,514,12-06-2018,west,1542
508,pink morsel,3,561,13-06-2018,north,1683
509,pink morsel,3,561,13-06-2018,south,1683
510,pink morsel,3,524,13-06-2018,east,1572
511,pink morsel,3,561,13-06-2018,west,1683
512,pink morsel,3,587,14-06-2018,north,1761
513,pink morsel,3,556,14-06-2018,south,1668
514,pink morsel,3,533,14-06-2018,east,1599
515,pink morsel,3,531,14-06-2018,west,1593
516,pink morsel,3,541,15-06-2018,north,1623
517,pink morsel,3,579,15-06-2018,south,1737
518,pink morsel,3,531,15-06-2018,east,1593
519,pink morsel,3,596,15-06-2018,west,1788
520,pink morsel,3,553,16-06-2018,north,1659
521,pink morsel,3,547,16-06-2018,south,1641
522,pink morsel,3,525,16-06-2018,east,1575
523,pink morsel,3,537,16-06-2018,west,1611
524,pink morsel,3,533,17-06-2018,north,1599
525,pink morsel,3,510,17-06-2018,south,1530
526,pink morsel,3,536,17-06-2018,east,1608
527,pink morsel,3,542,17-06-2018,west,1626
528,pink morsel,3,510,18-06-2018,north,1530
529,pink morsel,3,569,18-06-2018,south,1707
530,pink morsel,3,537,18-06-2018,east,1611
531,pink morsel,3,545,18-06-2018,west,1635
532,pink morsel,3,531,19-06-2018,north,1593
533,pink morsel,3,583,19-06-2018,south,1749
534,pink morsel,3,541,19-06-2018,east,1623
535,pink morsel,3,536,19-06-2018,west,1608
536,pink morsel,3,555,20-06-2018,north,1665
537,pink morsel,3,553,20-06-2018,south,1659
538,pink morsel,3,578,20-06-2018,east,1734
539,pink morsel,3,519,20-06-2018,west,1557
540,pink morsel,3,599,21-06-2018,north,1797
541,pink morsel,3,529,21-06-2018,south,1587
542,pink morsel,3,519,21-06-2018,east,1557
543,pink morsel,3,514,21-06-2018,west,1542
544,pink morsel,3,581,22-06-2018,north,1743
545,pink morsel,3,599,22-06-2018,south,1797
546,pink morsel,3,562,22-06-2018,east,1686
547,pink morsel,3,561,22-06-2018,west,1683
548,pink morsel,3,597,23-06-2018,north,1791
549,pink morsel,3,518,23-06-2018,south,1554
550,pink morsel,3,565,23-06-2018,east,1695
551,pink morsel,3,522,23-06-2018,west,1566
552,pink morsel,3,521,24-06-2018,north,1563
553,pink morsel,3,541,24-06-2018,south,1623
554,pink morsel,3,510,24-06-2018,east,1530
555,pink morsel,3,554,24-06-2018,west,1662
556,pink morsel,3,550,25-06-2018,north,1650
557,pink morsel,3,534,25-06-2018,south,1602
558,pink morsel,3,516,25-06-2018,east,1548
559,pink morsel,3,541,25-06-2018,west,1623
560,pink morsel,3,576,26-06-2018,north,1728
561,pink morsel,3,511,26-06-2018,south,1533
562,pink morsel,3,501,26-06-2018,east,1503
563,pink morsel,3,543,26-06-2018,west,1629
564,pink morsel,3,527,27-06-2018,north,1581
565,pink morsel,3,553,27-06-2018,south,1659
566,pink morsel,3,569,27-06-2018,east,1707
567,pink morsel,3,555,27-06-2018,west,1665
568,pink morsel,3,521,28-06-2018,north,1563
569,pink morsel,3,546,28-06-2018,south,1638
570,pink morsel,3,564,28-06-2018,east,1692
571,pink morsel,3,501,28-06-2018,west,1503
572,pink morsel,3,562,29-06-2018,north,1686
573,pink morsel,3,588,29-06-2018,south,1764
574,pink morsel,3,543,29-06-2018,east,1629
575,pink morsel,3,593,29-06-2018,west,1779
576,pink morsel,3,518,30-06-2018,north,1554
577,pink morsel,3,551,30-06-2018,south,1653
578,pink morsel,3,505,30-06-2018,east,1515
579,pink morsel,3,519,30-06-2018,west,1557
580,pink morsel,3,582,01-07-2018,north,1746
581,pink morsel,3,557,01-07-2018,south,1671
582,pink morsel,3,572,01-07-2018,east,1716
583,pink morsel,3,518,01-07-2018,west,1554
584,pink morsel,3,565,02-07-2018,north,1695
585,pink morsel,3,537,02-07-2018,south,1611
586,pink morsel,3,560,02-07-2018,east,1680
587,pink morsel,3,557,02-07-2018,west,1671
588,pink morsel,3,548,03-07-2018,north,1644
589,pink morsel,3,546,03-07-2018,south,1638
590,pink morsel,3,541,03-07-2018,east,1623
591,pink morsel,3,505,03-07-2018,west,1515
592,pink morsel,3,581,04-07-2018,north,1743
593,pink morsel,3,529,04-07-2018,south,1587
594,pink morsel,3,588,04-07-2018,east,1764
595,pink morsel,3,524,04-07-2018,west,1572
596,pink morsel,3,584,05-07-2018,north,1752
597,pink morsel,3,549,05-07-2018,south,1647
598,pink morsel,3,525,05-07-2018,east,1575
599,pink morsel,3,500,05-07-2018,west,1500
600,pink morsel,3,581,06-07-2018,north,1743
601,pink morsel,3,522,06-07-2018,south,1566
602,pink morsel,3,586,06-07-2018,east,1758
603,pink morsel,3,563,06-07-2018,west,1689
604,pink morsel,3,592,07-07-2018,north,1776
605,pink morsel,3,590,07-07-2018,south,1770
606,pink morsel,3,565,07-07-2018,east,1695
607,pink morsel,3,522,07-07-2018,west,1566
608,pink morsel,3,541,08-07-2018,north,1623
609,pink morsel,3,592,08-07-2018,south,1776
610,pink morsel,3,505,08-07-2018,east,1515
611,pink morsel,3,587,08-07-2018,west,1761
612,pink morsel,3,541,09-07-2018,north,1623
613,pink morsel,3,596,09-07-2018,south,1788
614,pink morsel,3,514,09-07-2018,east,1542
615,pink morsel,3,505,09-07-2018,west,1515
616,pink morsel,3,598,10-07-2018,north,1794
617,pink morsel,3,598,10-07-2018,south,1794
618,pink morsel,3,585,10-07-2018,east,1755
619,pink morsel,3,587,10-07-2018,west,1761
620,pink morsel,3,535,11-07-2018,north,1605
621,pink morsel,3,523,11-07-2018,south,1569
622,pink morsel,3,546,11-07-2018,east,1638
623,pink morsel,3,559,11-07-2018,west,1677
624,pink morsel,3,531,12-07-2018,north,1593
625,pink morsel,3,500,12-07-2018,south,1500
626,pink morsel,3,513,12-07-2018,east,1539
627,pink morsel,3,573,12-07-2018,west,1719
628,pink morsel,3,583,13-07-2018,north,1749
629,pink morsel,3,532,13-07-2018,south,1596
630,pink morsel,3,560,13-07-2018,east,1680
631,pink morsel,3,503,13-07-2018,west,1509
632,pink morsel,3,500,14-07-2018,north,1500
633,pink morsel,3,551,14-07-2018,south,1653
634,pink morsel,3,540,14-07-2018,east,1620
635,pink morsel,3,525,14-07-2018,west,1575
636,pink morsel,3,579,15-07-2018,north,1737
637,pink morsel,3,571,15-07-2018,south,1713
638,pink morsel,3,566,15-07-2018,east,1698
639,pink morsel,3,513,15-07-2018,west,1539
640,pink morsel,3,591,16-07-2018,north,1773
641,pink morsel,3,569,16-07-2018,south,1707
642,pink morsel,3,518,16-07-2018,east,1554
643,pink morsel,3,505,16-07-2018,west,1515
644,pink morsel,3,517,17-07-2018,north,1551
645,pink morsel,3,522,17-07-2018,south,1566
646,pink morsel,3,596,17-07-2018,east,1788
647,pink morsel,3,538,17-07-2018,west,1614
648,pink morsel,3,568,18-07-2018,north,1704
649,pink morsel,3,552,18-07-2018,south,1656
650,pink morsel,3,510,18-07-2018,east,1530
651,pink morsel,3,553,18-07-2018,west,1659
652,pink morsel,3,540,19-07-2018,north,1620
653,pink morsel,3,575,19-07-2018,south,1725
654,pink morsel,3,568,19-07-2018,east,1704
655,pink morsel,3,509,19-07-2018,west,1527
656,pink morsel,3,577,20-07-2018,north,1731
657,pink morsel,3,587,20-07-2018,south,1761
658,pink morsel,3,548,20-07-2018,east,1644
659,pink morsel,3,551,20-07-2018,west,1653
660,pink morsel,3,575,21-07-2018,north,1725
661,pink morsel,3,566,21-07-2018,south,1698
662,pink morsel,3,554,21-07-2018,east,1662
663,pink morsel,3,552,21-07-2018,west,1656
664,pink morsel,3,536,22-07-2018,north,1608
665,pink morsel,3,591,22-07-2018,south,1773
666,pink morsel,3,553,22-07-2018,east,1659
667,pink morsel,3,549,22-07-2018,west,1647
668,pink morsel,3,546,23-07-2018,north,1638
669,pink morsel,3,541,23-07-2018,south,1623
670,pink morsel,3,573,23-07-2018,east,1719
671,pink morsel,3,543,23-07-2018,west,1629
672,pink morsel,3,567,24-07-2018,north,1701
673,pink morsel,3,575,24-07-2018,south,1725
674,pink morsel,3,584,24-07-2018,east,1752
675,pink morsel,3,519,24-07-2018,west,1557
676,pink morsel,3,500,25-07-2018,north,1500
677,pink morsel,3,569,25-07-2018,south,1707
678,pink morsel,3,511,25-07-2018,east,1533
679,pink morsel,3,579,25-07-2018,west,1737
680,pink morsel,3,535,26-07-2018,north,1605
681,pink morsel,3,589,26-07-2018,south,1767
682,pink morsel,3,517,26-07-2018,east,1551
683,pink morsel,3,507,26-07-2018,west,1521
684,pink morsel,3,553,27-07-2018,north,1659
685,pink morsel,3,537,27-07-2018,south,1611
686,pink morsel,3,565,27-07-2018,east,1695
687,pink morsel,3,544,27-07-2018,west,1632
688,pink morsel,3,505,28-07-2018,north,1515
689,pink morsel,3,528,28-07-2018,south,1584
690,pink morsel,3,532,28-07-2018,east,1596
691,pink morsel,3,581,28-07-2018,west,1743
692,pink morsel,3,597,29-07-2018,north,1791
693,pink morsel,3,533,29-07-2018,south,1599
694,pink morsel,3,583,29-07-2018,east,1749
695,pink morsel,3,585,29-07-2018,west,1755
696,pink morsel,3,585,30-07-2018,north,1755
697,pink morsel,3,554,30-07-2018,south,1662
698,pink morsel,3,503,30-07-2018,east,1509
699,pink morsel,3,592,30-07-2018,west,1776
700,pink morsel,3,565,31-07-2018,north,1695
701,pink morsel,3,569,31-07-2018,south,1707
702,pink morsel,3,516,31-07-2018,east,1548
703,pink morsel,3,526,31-07-2018,west,1578
704,pink morsel,3,521,01-08-2018,north,1563
705,pink morsel,3,558,01-08-2018,south,1674
706,pink morsel,3,518,01-08-2018,east,1554
707,pink morsel,3,555,01-08-2018,west,1665
708,pink morsel,3,509,02-08-2018,north,1527
709,pink morsel,3,539,02-08-2018,south,1617
710,pink morsel,3,516,02-08-2018,east,1548
711,pink morsel,3,557,02-08-2018,west,1671
712,pink morsel,3,556,03-08-2018,north,1668
713,pink morsel,3,557,03-08-2018,south,1671
714,pink morsel,3,573,03-08-2018,east,1719
715,pink morsel,3,556,03-08-2018,west,1668
716,pink morsel,3,512,04-08-2018,north,1536
717,pink morsel,3,578,04-08-2018,south,1734
718,pink morsel,3,581,04-08-2018,east,1743
719,pink morsel,3,592,04-08-2018,west,1776
720,pink morsel,3,550,05-08-2018,north,1650
721,pink morsel,3,533,05-08-2018,south,1599
722,pink morsel,3,538,05-08-2018,east,1614
723,pink morsel,3,591,05-08-2018,west,1773
724,pink morsel,3,537,06-08-2018,north,1611
725,pink morsel,3,535,06-08-2018,south,1605
726,pink morsel,3,518,06-08-2018,east,1554
727,pink morsel,3,596,06-08-2018,west,1788
728,pink morsel,3,522,07-08-2018,north,1566
729,pink morsel,3,520,07-08-2018,south,1560
730,pink morsel,3,517,07-08-2018,east,1551
731,pink morsel,3,542,07-08-2018,west,1626
732,pink morsel,3,555,08-08-2018,north,1665
733,pink morsel,3,513,08-08-2018,south,1539
734,pink morsel,3,502,08-08-2018,east,1506
735,pink morsel,3,539,08-08-2018,west,1617
736,pink morsel,3,599,09-08-2018,north,1797
737,pink morsel,3,598,09-08-2018,south,1794
738,pink morsel,3,540,09-08-2018,east,1620
739,pink morsel,3,561,09-08-2018,west,1683
740,pink morsel,3,540,10-08-2018,north,1620
741,pink morsel,3,518,10-08-2018,south,1554
742,pink morsel,3,567,10-08-2018,east,1701
743,pink morsel,3,595,10-08-2018,west,1785
744,pink morsel,3,563,11-08-2018,north,1689
745,pink morsel,3,550,11-08-2018,south,1650
746,pink morsel,3,511,11-08-2018,east,1533
747,pink morsel,3,529,11-08-2018,west,1587
748,pink morsel,3,503,12-08-2018,north,1509
749,pink morsel,3,581,12-08-2018,south,1743
750,pink morsel,3,573,12-08-2018,east,1719
751,pink morsel,3,581,12-08-2018,west,1743
752,pink morsel,3,567,13-08-2018,north,1701
753,pink morsel,3,543,13-08-2018,south,1629
754,pink morsel,3,546,13-08-2018,east,1638
755,pink morsel,3,537,13-08-2018,west,1611
756,pink morsel,3,541,14-08-2018,north,1623
757,pink morsel,3,545,14-08-2018,south,1635
758,pink morsel,3,572,14-08-2018,east,1716
759,pink morsel,3,569,14-08-2018,west,1707
760,pink morsel,3,534,15-08-2018,north,1602
761,pink morsel,3,514,15-08-2018,south,1542
762,pink morsel,3,600,15-08-2018,east,1800
763,pink morsel,3,578,15-08-2018,west,1734
764,pink morsel,3,596,16-08-2018,north,1788
765,pink morsel,3,538,16-08-2018,south,1614
766,pink morsel,3,581,16-08-2018,east,1743
767,pink morsel,3,590,16-08-2018,west,1770
768,pink morsel,3,592,17-08-2018,north,1776
769,pink morsel,3,571,17-08-2018,south,1713
770,pink morsel,3,541,17-08-2018,east,1623
771,pink morsel,3,584,17-08-2018,west,1752
772,pink morsel,3,509,18-08-2018,north,1527
773,pink morsel,3,592,18-08-2018,south,1776
774,pink morsel,3,563,18-08-2018,east,1689
775,pink morsel,3,571,18-08-2018,west,1713
776,pink morsel,3,503,19-08-2018,north,1509
777,pink morsel,3,525,19-08-2018,south,1575
778,pink morsel,3,567,19-08-2018,east,1701
779,pink morsel,3,525,19-08-2018,west,1575
780,pink morsel,3,527,20-08-2018,north,1581
781,pink morsel,3,593,20-08-2018,south,1779
782,pink morsel,3,554,20-08-2018,east,1662
783,pink morsel,3,502,20-08-2018,west,1506
784,pink morsel,3,598,21-08-2018,north,1794
785,pink morsel,3,553,21-08-2018,south,1659
786,pink morsel,3,548,21-08-2018,east,1644
787,pink morsel,3,569,21-08-2018,west,1707
788,pink morsel,3,568,22-08-2018,north,1704
789,pink morsel,3,500,22-08-2018,south,1500
790,pink morsel,3,513,22-08-2018,east,1539
791,pink morsel,3,600,22-08-2018,west,1800
792,pink morsel,3,519,23-08-2018,north,1557
793,pink morsel,3,518,23-08-2018,south,1554
794,pink morsel,3,596,23-08-2018,east,1788
795,pink morsel,3,521,23-08-2018,west,1563
796,pink morsel,3,516,24-08-2018,north,1548
797,pink morsel,3,520,24-08-2018,south,1560
798,pink morsel,3,578,24-08-2018,east,1734
799,pink morsel,3,548,24-08-2018,west,1644
800,pink morsel,3,543,25-08-2018,north,1629
801,pink morsel,3,559,25-08-2018,south,1677
802,pink morsel,3,588,25-08-2018,east,1764
803,pink morsel,3,505,25-08-2018,west,1515
804,pink morsel,3,514,26-08-2018,north,1542
805,pink morsel,3,515,26-08-2018,south,1545
806,pink morsel,3,556,26-08-2018,east,1668
807,pink morsel,3,528,26-08-2018,west,1584
808,pink morsel,3,535,27-08-2018,north,1605
809,pink morsel,3,580,27-08-2018,south,1740
810,pink morsel,3,534,27-08-2018,east,1602
811,pink morsel,3,503,27-08-2018,west,1509
812,pink morsel,3,522,28-08-2018,north,1566
813,pink morsel,3,560,28-08-2018,south,1680
814,pink morsel,3,552,28-08-2018,east,1656
815,pink morsel,3,574,28-08-2018,west,1722
816,pink morsel,3,554,29-08-2018,north,1662
817,pink morsel,3,598,29-08-2018,south,1794
818,pink morsel,3,578,29-08-2018,east,1734
819,pink morsel,3,549,29-08-2018,west,1647
820,pink morsel,3,545,30-08-2018,north,1635
821,pink morsel,3,581,30-08-2018,south,1743
822,pink morsel,3,555,30-08-2018,east,1665
823,pink morsel,3,590,30-08-2018,west,1770
824,pink morsel,3,583,31-08-2018,north,1749
825,pink morsel,3,565,31-08-2018,south,1695
826,pink morsel,3,548,31-08-2018,east,1644
827,pink morsel,3,534,31-08-2018,west,1602
828,pink morsel,3,520,01-09-2018,north,1560
829,pink morsel,3,500,01-09-2018,south,1500
830,pink morsel,3,573,01-09-2018,east,1719
831,pink morsel,3,519,01-09-2018,west,1557
832,pink morsel,3,509,02-09-2018,north,1527
833,pink morsel,3,551,02-09-2018,south,1653
834,pink morsel,3,502,02-09-2018,east,1506
835,pink morsel,3,525,02-09-2018,west,1575
836,pink morsel,3,583,03-09-2018,north,1749
837,pink morsel,3,590,03-09-2018,south,1770
838,pink morsel,3,558,03-09-2018,east,1674
839,pink morsel,3,550,03-09-2018,west,1650
840,pink morsel,3,598,04-09-2018,north,1794
841,pink morsel,3,503,04-09-2018,south,1509
842,pink morsel,3,595,04-09-2018,east,1785
843,pink morsel,3,513,04-09-2018,west,1539
844,pink morsel,3,577,05-09-2018,north,1731
845,pink morsel,3,539,05-09-2018,south,1617
846,pink morsel,3,552,05-09-2018,east,1656
847,pink morsel,3,533,05-09-2018,west,1599
848,pink morsel,3,571,06-09-2018,north,1713
849,pink morsel,3,502,06-09-2018,south,1506
850,pink morsel,3,586,06-09-2018,east,1758
851,pink morsel,3,550,06-09-2018,west,1650
852,pink morsel,3,597,07-09-2018,north,1791
853,pink morsel,3,541,07-09-2018,south,1623
854,pink morsel,3,592,07-09-2018,east,1776
855,pink morsel,3,551,07-09-2018,west,1653
856,pink morsel,3,553,08-09-2018,north,1659
857,pink morsel,3,585,08-09-2018,south,1755
858,pink morsel,3,511,08-09-2018,east,1533
859,pink morsel,3,519,08-09-2018,west,1557
860,pink morsel,3,509,09-09-2018,north,1527
861,pink morsel,3,538,09-09-2018,south,1614
862,pink morsel,3,546,09-09-2018,east,1638
863,pink morsel,3,568,09-09-2018,west,1704
864,pink morsel,3,550,10-09-2018,north,1650
865,pink morsel,3,552,10-09-2018,south,1656
866,pink morsel,3,594,10-09-2018,east,1782
867,pink morsel,3,509,10-09-2018,west,1527
868,pink morsel,3,526,11-09-2018,north,1578
869,pink morsel,3,589,11-09-2018,south,1767
870,pink morsel,3,583,11-09-2018,east,1749
871,pink morsel,3,508,11-09-2018,west,1524
872,pink morsel,3,573,12-09-2018,north,1719
873,pink morsel,3,565,12-09-2018,south,1695
874,pink morsel,3,580,12-09-2018,east,1740
875,pink morsel,3,511,12-09-2018,west,1533
876,pink morsel,3,551,13-09-2018,north,1653
877,pink morsel,3,520,13-09-2018,south,1560
878,pink morsel,3,559,13-09-2018,east,1677
879,pink morsel,3,513,13-09-2018,west,1539
880,pink morsel,3,571,14-09-2018,north,1713
881,pink morsel,3,518,14-09-2018,south,1554
882,pink morsel,3,581,14-09-2018,east,1743
883,pink morsel,3,567,14-09-2018,west,1701
884,pink morsel,3,529,15-09-2018,north,1587
885,pink morsel,3,504,15-09-2018,south,1512
886,pink morsel,3,566,15-09-2018,east,1698
887,pink morsel,3,582,15-09-2018,west,1746
888,pink morsel,3,518,16-09-2018,north,1554
889,pink morsel,3,518,16-09-2018,south,1554
890,pink morsel,3,594,16-09-2018,east,1782
891,pink morsel,3,594,16-09-2018,west,1782
892,pink morsel,3,588,17-09-2018,north,1764
893,pink morsel,3,540,17-09-2018,south,1620
894,pink morsel,3,515,17-09-2018,east,1545
895,pink morsel,3,574,17-09-2018,west,1722
896,pink morsel,3,501,18-09-2018,north,1503
897,pink morsel,3,510,18-09-2018,south,1530
898,pink morsel,3,579,18-09-2018,east,1737
899,pink morsel,3,564,18-09-2018,west,1692
900,pink morsel,3,514,19-09-2018,north,1542
901,pink morsel,3,586,19-09-2018,south,1758
902,pink morsel,3,593,19-09-2018,east,1779
903,pink morsel,3,531,19-09-2018,west,1593
904,pink morsel,3,562,20-09-2018,north,1686
905,pink morsel,3,583,20-09-2018,south,1749
906,pink morsel,3,554,20-09-2018,east,1662
907,pink morsel,3,523,20-09-2018,west,1569
908,pink morsel,3,530,21-09-2018,north,1590
909,pink morsel,3,555,21-09-2018,south,1665
910,pink morsel,3,572,21-09-2018,east,1716
911,pink morsel,3,568,21-09-2018,west,1704
912,pink morsel,3,544,22-09-2018,north,1632
913,pink morsel,3,527,22-09-2018,south,1581
914,pink morsel,3,586,22-09-2018,east,1758
915,pink morsel,3,547,22-09-2018,west,1641
916,pink morsel,3,577,23-09-2018,north,1731
917,pink morsel,3,559,23-09-2018,south,1677
918,pink morsel,3,576,23-09-2018,east,1728
919,pink morsel,3,585,23-09-2018,west,1755
920,pink morsel,3,537,24-09-2018,north,1611
921,pink morsel,3,531,24-09-2018,south,1593
922,pink morsel,3,599,24-09-2018,east,1797
923,pink morsel,3,520,24-09-2018,west,1560
924,pink morsel,3,510,25-09-2018,north,1530
925,pink morsel,3,590,25-09-2018,south,1770
926,pink morsel,3,537,25-09-2018,east,1611
927,pink morsel,3,567,25-09-2018,west,1701
928,pink morsel,3,539,26-09-2018,north,1617
929,pink morsel,3,505,26-09-2018,south,1515
930,pink morsel,3,571,26-09-2018,east,1713
931,pink morsel,3,500,26-09-2018,west,1500
932,pink morsel,3,544,27-09-2018,north,1632
933,pink morsel,3,571,27-09-2018,south,1713
934,pink morsel,3,581,27-09-2018,east,1743
935,pink morsel,3,529,27-09-2018,west,1587
936,pink morsel,3,583,28-09-2018,north,1749
937,pink morsel,3,511,28-09-2018,south,1533
938,pink morsel,3,551,28-09-2018,east,1653
939,pink morsel,3,504,28-09-2018,west,1512
940,pink morsel,3,506,29-09-2018,north,1518
941,pink morsel,3,541,29-09-2018,south,1623
942,pink morsel,3,567,29-09-2018,east,1701
943,pink morsel,3,532,29-09-2018,west,1596
944,pink morsel,3,582,30-09-2018,north,1746
945,pink morsel,3,512,30-09-2018,south,1536
946,pink morsel,3,553,30-09-2018,east,1659
947,pink morsel,3,508,30-09-2018,west,1524
948,pink morsel,3,594,01-10-2018,north,1782
949,pink morsel,3,544,01-10-2018,south,1632
950,pink morsel,3,585,01-10-2018,east,1755
951,pink morsel,3,550,01-10-2018,west,1650
952,pink morsel,3,560,02-10-2018,north,1680
953,pink morsel,3,567,02-10-2018,south,1701
954,pink morsel,3,600,02-10-2018,east,1800
955,pink morsel,3,580,02-10-2018,west,1740
956,pink morsel,3,521,03-10-2018,north,1563
957,pink morsel,3,596,03-10-2018,south,1788
958,pink morsel,3,512,03-10-2018,east,1536
959,pink morsel,3,588,03-10-2018,west,1764
960,pink morsel,3,504,04-10-2018,north,1512
961,pink morsel,3,520,04-10-2018,south,1560
962,pink morsel,3,542,04-10-2018,east,1626
963,pink morsel,3,599,04-10-2018,west,1797
964,pink morsel,3,593,05-10-2018,north,1779
965,pink morsel,3,561,05-10-2018,south,1683
966,pink morsel,3,571,05-10-2018,east,1713
967,pink morsel,3,598,05-10-2018,west,1794
968,pink morsel,3,528,06-10-2018,north,1584
969,pink morsel,3,549,06-10-2018,south,1647
970,pink morsel,3,532,06-10-2018,east,1596
971,pink morsel,3,505,06-10-2018,west,1515
972,pink morsel,3,511,07-10-2018,north,1533
973,pink morsel,3,536,07-10-2018,south,1608
974,pink morsel,3,598,07-10-2018,east,1794
975,pink morsel,3,526,07-10-2018,west,1578
976,pink morsel,3,567,08-10-2018,north,1701
977,pink morsel,3,539,08-10-2018,south,1617
978,pink morsel,3,593,08-10-2018,east,1779
979,pink morsel,3,595,08-10-2018,west,1785
980,pink morsel,3,560,09-10-2018,north,1680
981,pink morsel,3,530,09-10-2018,south,1590
982,pink morsel,3,517,09-10-2018,east,1551
983,pink morsel,3,529,09-10-2018,west,1587
984,pink morsel,3,583,10-10-2018,north,1749
985,pink morsel,3,567,10-10-2018,south,1701
986,pink morsel,3,533,10-10-2018,east,1599
987,pink morsel,3,502,10-10-2018,west,1506
988,pink morsel,3,532,11-10-2018,north,1596
989,pink morsel,3,600,11-10-2018,south,1800
990,pink morsel,3,583,11-10-2018,east,1749
991,pink morsel,3,558,11-10-2018,west,1674
992,pink morsel,3,594,12-10-2018,north,1782
993,pink morsel,3,549,12-10-2018,south,1647
994,pink morsel,3,514,12-10-2018,east,1542
995,pink morsel,3,552,12-10-2018,west,1656
996,pink morsel,3,527,13-10-2018,north,1581
997,pink morsel,3,571,13-10-2018,south,1713
998,pink morsel,3,574,13-10-2018,east,1722
999,pink morsel,3,562,13-10-2018,west,1686
1000,pink morsel,3,576,14-10-2018,north,1728
1001,pink morsel,3,585,14-10-2018,south,1755
1002,pink morsel,3,501,14-10-2018,east,1503
1003,pink morsel,3,534,14-10-2018,west,1602
1004,pink morsel,3,535,15-10-2018,north,1605
1005,pink morsel,3,573,15-10-2018,south,1719
1006,pink morsel,3,516,15-10-2018,east,1548
1007,pink morsel,3,542,15-10-2018,west,1626
1008,pink morsel,3,517,16-10-2018,north,1551
1009,pink morsel,3,554,16-10-2018,south,1662
1010,pink morsel,3,550,16-10-2018,east,1650
1011,pink morsel,3,596,16-10-2018,west,1788
1012,pink morsel,3,512,17-10-2018,north,1536
1013,pink morsel,3,517,17-10-2018,south,1551
1014,pink morsel,3,552,17-10-2018,east,1656
1015,pink morsel,3,548,17-10-2018,west,1644
1016,pink morsel,3,564,18-10-2018,north,1692
1017,pink morsel,3,506,18-10-2018,south,1518
1018,pink morsel,3,503,18-10-2018,east,1509
1019,pink morsel,3,558,18-10-2018,west,1674
1020,pink morsel,3,507,19-10-2018,north,1521
1021,pink morsel,3,544,19-10-2018,south,1632
1022,pink morsel,3,598,19-10-2018,east,1794
1023,pink morsel,3,563,19-10-2018,west,1689
1024,pink morsel,3,564,20-10-2018,north,1692
1025,pink morsel,3,554,20-10-2018,south,1662
1026,pink morsel,3,592,20-10-2018,east,1776
1027,pink morsel,3,570,20-10-2018,west,1710
1028,pink morsel,3,523,21-10-2018,north,1569
1029,pink morsel,3,568,21-10-2018,south,1704
1030,pink morsel,3,589,21-10-2018,east,1767
1031,pink morsel,3,589,21-10-2018,west,1767
1032,pink morsel,3,514,22-10-2018,north,1542
1033,pink morsel,3,569,22-10-2018,south,1707
1034,pink morsel,3,526,22-10-2018,east,1578
1035,pink morsel,3,507,22-10-2018,west,1521
1036,pink morsel,3,588,23-10-2018,north,1764
1037,pink morsel,3,561,23-10-2018,south,1683
1038,pink morsel,3,534,23-10-2018,east,1602
1039,pink morsel,3,585,23-10-2018,west,1755
1040,pink morsel,3,550,24-10-2018,north,1650
1041,pink morsel,3,543,24-10-2018,south,1629
1042,pink morsel,3,564,24-10-2018,east,1692
1043,pink morsel,3,514,24-10-2018,west,1542
1044,pink morsel,3,543,25-10-2018,north,1629
1045,pink morsel,3,529,25-10-2018,south,1587
1046,pink morsel,3,545,25-10-2018,east,1635
1047,pink morsel,3,551,25-10-2018,west,1653
1048,pink morsel,3,532,26-10-2018,north,1596
1049,pink morsel,3,508,26-10-2018,south,1524
1050,pink morsel,3,515,26-10-2018,east,1545
1051,pink morsel,3,569,26-10-2018,west,1707
1052,pink morsel,3,503,27-10-2018,north,1509
1053,pink morsel,3,503,27-10-2018,south,1509
1054,pink morsel,3,562,27-10-2018,east,1686
1055,pink morsel,3,595,27-10-2018,west,1785
1056,pink morsel,3,545,28-10-2018,north,1635
1057,pink morsel,3,584,28-10-2018,south,1752
1058,pink morsel,3,595,28-10-2018,east,1785
1059,pink morsel,3,585,28-10-2018,west,1755
1060,pink morsel,3,569,29-10-2018,north,1707
1061,pink morsel,3,567,29-10-2018,south,1701
1062,pink morsel,3,533,29-10-2018,east,1599
1063,pink morsel,3,594,29-10-2018,west,1782
1064,pink morsel,3,559,30-10-2018,north,1677
1065,pink morsel,3,573,30-10-2018,south,1719
1066,pink morsel,3,510,30-10-2018,east,1530
1067,pink morsel,3,592,30-10-2018,west,1776
1068,pink morsel,3,558,31-10-2018,north,1674
1069,pink morsel,3,547,31-10-2018,south,1641
1070,pink morsel,3,532,31-10-2018,east,1596
1071,pink morsel,3,502,31-10-2018,west,1506
1072,pink morsel,3,564,01-11-2018,north,1692
1073,pink morsel,3,541,01-11-2018,south,1623
1074,pink morsel,3,531,01-11-2018,east,1593
1075,pink morsel,3,517,01-11-2018,west,1551
1076,pink morsel,3,576,02-11-2018,north,1728
1077,pink morsel,3,536,02-11-2018,south,1608
1078,pink morsel,3,510,02-11-2018,east,1530
1079,pink morsel,3,597,02-11-2018,west,1791
1080,pink morsel,3,568,03-11-2018,north,1704
1081,pink morsel,3,551,03-11-2018,south,1653
1082,pink morsel,3,516,03-11-2018,east,1548
1083,pink morsel,3,542,03-11-2018,west,1626
1084,pink morsel,3,565,04-11-2018,north,1695
1085,pink morsel,3,530,04-11-2018,south,1590
1086,pink morsel,3,510,04-11-2018,east,1530
1087,pink morsel,3,548,04-11-2018,west,1644
1088,pink morsel,3,537,05-11-2018,north,1611
1089,pink morsel,3,539,05-11-2018,south,1617
1090,pink morsel,3,592,05-11-2018,east,1776
1091,pink morsel,3,547,05-11-2018,west,1641
1092,pink morsel,3,580,06-11-2018,north,1740
1093,pink morsel,3,530,06-11-2018,south,1590
1094,pink morsel,3,591,06-11-2018,east,1773
1095,pink morsel,3,547,06-11-2018,west,1641
1096,pink morsel,3,509,07-11-2018,north,1527
1097,pink morsel,3,585,07-11-2018,south,1755
1098,pink morsel,3,550,07-11-2018,east,1650
1099,pink morsel,3,531,07-11-2018,west,1593
1100,pink morsel,3,516,08-11-2018,north,1548
1101,pink morsel,3,541,08-11-2018,south,1623
1102,pink morsel,3,500,08-11-2018,east,1500
1103,pink morsel,3,523,08-11-2018,west,1569
1104,pink morsel,3,549,09-11-2018,north,1647
1105,pink morsel,3,554,09-11-2018,south,1662
1106,pink morsel,3,570,09-11-2018,east,1710
1107,pink morsel,3,573,09-11-2018,west,1719
1108,pink morsel,3,530,10-11-2018,north,1590
1109,pink morsel,3,513,10-11-2018,south,1539
1110,pink morsel,3,522,10-11-2018,east,1566
1111,pink morsel,3,590,10-11-2018,west,1770
1112,pink morsel,3,574,11-11-2018,north,1722
1113,pink morsel,3,508,11-11-2018,south,1524
1114,pink morsel,3,547,11-11-2018,east,1641
1115,pink morsel,3,554,11-11-2018,west,1662
1116,pink morsel,3,572,12-11-2018,north,1716
1117,pink morsel,3,537,12-11-2018,south,1611
1118,pink morsel,3,523,12-11-2018,east,1569
1119,pink morsel,3,599,12-11-2018,west,1797
1120,pink morsel,3,566,13-11-2018,north,1698
1121,pink morsel,3,527,13-11-2018,south,1581
1122,pink morsel,3,592,13-11-2018,east,1776
1123,pink morsel,3,548,13-11-2018,west,1644
1124,pink morsel,3,521,14-11-2018,north,1563
1125,pink morsel,3,569,14-11-2018,south,1707
1126,pink morsel,3,511,14-11-2018,east,1533
1127,pink morsel,3,524,14-11-2018,west,1572
1128,pink morsel,3,541,15-11-2018,north,1623
1129,pink morsel,3,566,15-11-2018,south,1698
1130,pink morsel,3,507,15-11-2018,east,1521
1131,pink morsel,3,569,15-11-2018,west,1707
1132,pink morsel,3,529,16-11-2018,north,1587
1133,pink morsel,3,592,16-11-2018,south,1776
1134,pink morsel,3,554,16-11-2018,east,1662
1135,pink morsel,3,526,16-11-2018,west,1578
1136,pink morsel,3,518,17-11-2018,north,1554
1137,pink morsel,3,505,17-11-2018,south,1515
1138,pink morsel,3,534,17-11-2018,east,1602
1139,pink morsel,3,519,17-11-2018,west,1557
1140,pink morsel,3,507,18-11-2018,north,1521
1141,pink morsel,3,580,18-11-2018,south,1740
1142,pink morsel,3,539,18-11-2018,east,1617
1143,pink morsel,3,549,18-11-2018,west,1647
1144,pink morsel,3,517,19-11-2018,north,1551
1145,pink morsel,3,500,19-11-2018,south,1500
1146,pink morsel,3,575,19-11-2018,east,1725
1147,pink morsel,3,521,19-11-2018,west,1563
1148,pink morsel,3,597,20-11-2018,north,1791
1149,pink morsel,3,526,20-11-2018,south,1578
1150,pink morsel,3,544,20-11-2018,east,1632
1151,pink morsel,3,558,20-11-2018,west,1674
1152,pink morsel,3,539,21-11-2018,north,1617
1153,pink morsel,3,503,21-11-2018,south,1509
1154,pink morsel,3,548,21-11-2018,east,1644
1155,pink morsel,3,514,21-11-2018,west,1542
1156,pink morsel,3,550,22-11-2018,north,1650
1157,pink morsel,3,586,22-11-2018,south,1758
1158,pink morsel,3,570,22-11-2018,east,1710
1159,pink morsel,3,579,22-11-2018,west,1737
1160,pink morsel,3,593,23-11-2018,north,1779
1161,pink morsel,3,581,23-11-2018,south,1743
1162,pink morsel,3,520,23-11-2018,east,1560
1163,pink morsel,3,573,23-11-2018,west,1719
1164,pink morsel,3,563,24-11-2018,north,1689
1165,pink morsel,3,535,24-11-2018,south,1605
1166,pink morsel,3,561,24-11-2018,east,1683
1167,pink morsel,3,506,24-11-2018,west,1518
1168,pink morsel,3,555,25-11-2018,north,1665
1169,pink morsel,3,557,25-11-2018,south,1671
1170,pink morsel,3,568,25-11-2018,east,1704
1171,pink morsel,3,577,25-11-2018,west,1731
1172,pink morsel,3,551,26-11-2018,north,1653
1173,pink morsel,3,514,26-11-2018,south,1542
1174,pink morsel,3,553,26-11-2018,east,1659
1175,pink morsel,3,550,26-11-2018,west,1650
1176,pink morsel,3,591,27-11-2018,north,1773
1177,pink morsel,3,549,27-11-2018,south,1647
1178,pink morsel,3,575,27-11-2018,east,1725
1179,pink morsel,3,548,27-11-2018,west,1644
1180,pink morsel,3,589,28-11-2018,north,1767
1181,pink morsel,3,576,28-11-2018,south,1728
1182,pink morsel,3,573,28-11-2018,east,1719
1183,pink morsel,3,559,28-11-2018,west,1677
1184,pink morsel,3,562,29-11-2018,north,1686
1185,pink morsel,3,509,29-11-2018,south,1527
1186,pink morsel,3,563,29-11-2018,east,1689
1187,pink morsel,3,562,29-11-2018,west,1686
1188,pink morsel,3,547,30-11-2018,north,1641
1189,pink morsel,3,555,30-11-2018,south,1665
1190,pink morsel,3,585,30-11-2018,east,1755
1191,pink morsel,3,517,30-11-2018,west,1551
1192,pink morsel,3,555,01-12-2018,north,1665
1193,pink morsel,3,509,01-12-2018,south,1527
1194,pink morsel,3,512,01-12-2018,east,1536
1195,pink morsel,3,552,01-12-2018,west,1656
1196,pink morsel,3,521,02-12-2018,north,1563
1197,pink morsel,3,518,02-12-2018,south,1554
1198,pink morsel,3,534,02-12-2018,east,1602
1199,pink morsel,3,579,02-12-2018,west,1737
1200,pink morsel,3,502,03-12-2018,north,1506
1201,pink morsel,3,585,03-12-2018,south,1755
1202,pink morsel,3,524,03-12-2018,east,1572
1203,pink morsel,3,536,03-12-2018,west,1608
1204,pink morsel,3,574,04-12-2018,north,1722
1205,pink morsel,3,596,04-12-2018,south,1788
1206,pink morsel,3,596,04-12-2018,east,1788
1207,pink morsel,3,529,04-12-2018,west,1587
1208,pink morsel,3,559,05-12-2018,north,1677
1209,pink morsel,3,575,05-12-2018,south,1725
1210,pink morsel,3,577,05-12-2018,east,1731
1211,pink morsel,3,506,05-12-2018,west,1518
1212,pink morsel,3,579,06-12-2018,north,1737
1213,pink morsel,3,599,06-12-2018,south,1797
1214,pink morsel,3,554,06-12-2018,east,1662
1215,pink morsel,3,554,06-12-2018,west,1662
1216,pink morsel,3,572,07-12-2018,north,1716
1217,pink morsel,3,532,07-12-2018,south,1596
1218,pink morsel,3,551,07-12-2018,east,1653
1219,pink morsel,3,545,07-12-2018,west,1635
1220,pink morsel,3,594,08-12-2018,north,1782
1221,pink morsel,3,591,08-12-2018,south,1773
1222,pink morsel,3,585,08-12-2018,east,1755
1223,pink morsel,3,573,08-12-2018,west,1719
1224,pink morsel,3,579,09-12-2018,north,1737
1225,pink morsel,3,516,09-12-2018,south,1548
1226,pink morsel,3,555,09-12-2018,east,1665
1227,pink morsel,3,553,09-12-2018,west,1659
1228,pink morsel,3,553,10-12-2018,north,1659
1229,pink morsel,3,525,10-12-2018,south,1575
1230,pink morsel,3,503,10-12-2018,east,1509
1231,pink morsel,3,589,10-12-2018,west,1767
1232,pink morsel,3,503,11-12-2018,north,1509
1233,pink morsel,3,509,11-12-2018,south,1527
1234,pink morsel,3,525,11-12-2018,east,1575
1235,pink morsel,3,540,11-12-2018,west,1620
1236,pink morsel,3,541,12-12-2018,north,1623
1237,pink morsel,3,541,12-12-2018,south,1623
1238,pink morsel,3,591,12-12-2018,east,1773
1239,pink morsel,3,581,12-12-2018,west,1743
1240,pink morsel,3,573,13-12-2018,north,1719
1241,pink morsel,3,594,13-12-2018,south,1782
1242,pink morsel,3,571,13-12-2018,east,1713
1243,pink morsel,3,531,13-12-2018,west,1593
1244,pink morsel,3,572,14-12-2018,north,1716
1245,pink morsel,3,562,14-12-2018,south,1686
1246,pink morsel,3,523,14-12-2018,east,1569
1247,pink morsel,3,568,14-12-2018,west,1704
1248,pink morsel,3,518,15-12-2018,north,1554
1249,pink morsel,3,515,15-12-2018,south,1545
1250,pink morsel,3,529,15-12-2018,east,1587
1251,pink morsel,3,600,15-12-2018,west,1800
1252,pink morsel,3,545,16-12-2018,north,1635
1253,pink morsel,3,540,16-12-2018,south,1620
1254,pink morsel,3,600,16-12-2018,east,1800
1255,pink morsel,3,547,16-12-2018,west,1641
1256,pink morsel,3,545,17-12-2018,north,1635
1257,pink morsel,3,509,17-12-2018,south,1527
1258,pink morsel,3,542,17-12-2018,east,1626
1259,pink morsel,3,572,17-12-2018,west,1716
1260,pink morsel,3,585,18-12-2018,north,1755
1261,pink morsel,3,585,18-12-2018,south,1755
1262,pink morsel,3,535,18-12-2018,east,1605
1263,pink morsel,3,593,18-12-2018,west,1779
1264,pink morsel,3,522,19-12-2018,north,1566
1265,pink morsel,3,522,19-12-2018,south,1566
1266,pink morsel,3,599,19-12-2018,east,1797
1267,pink morsel,3,590,19-12-2018,west,1770
1268,pink morsel,3,577,20-12-2018,north,1731
1269,pink morsel,3,517,20-12-2018,south,1551
1270,pink morsel,3,589,20-12-2018,east,1767
1271,pink morsel,3,542,20-12-2018,west,1626
1272,pink morsel,3,553,21-12-2018,north,1659
1273,pink morsel,3,570,21-12-2018,south,1710
1274,pink morsel,3,514,21-12-2018,east,1542
1275,pink morsel,3,523,21-12-2018,west,1569
1276,pink morsel,3,592,22-12-2018,north,1776
1277,pink morsel,3,526,22-12-2018,south,1578
1278,pink morsel,3,556,22-12-2018,east,1668
1279,pink morsel,3,509,22-12-2018,west,1527
1280,pink morsel,3,590,23-12-2018,north,1770
1281,pink morsel,3,541,23-12-2018,south,1623
1282,pink morsel,3,570,23-12-2018,east,1710
1283,pink morsel,3,577,23-12-2018,west,1731
1284,pink morsel,3,580,24-12-2018,north,1740
1285,pink morsel,3,544,24-12-2018,south,1632
1286,pink morsel,3,573,24-12-2018,east,1719
1287,pink morsel,3,500,24-12-2018,west,1500
1288,pink morsel,3,504,25-12-2018,north,1512
1289,pink morsel,3,535,25-12-2018,south,1605
1290,pink morsel,3,541,25-12-2018,east,1623
1291,pink morsel,3,511,25-12-2018,west,1533
1292,pink morsel,3,561,26-12-2018,north,1683
1293,pink morsel,3,578,26-12-2018,south,1734
1294,pink morsel,3,515,26-12-2018,east,1545
1295,pink morsel,3,529,26-12-2018,west,1587
1296,pink morsel,3,526,27-12-2018,north,1578
1297,pink morsel,3,550,27-12-2018,south,1650
1298,pink morsel,3,544,27-12-2018,east,1632
1299,pink morsel,3,571,27-12-2018,west,1713
1300,pink morsel,3,550,28-12-2018,north,1650
1301,pink morsel,3,598,28-12-2018,south,1794
1302,pink morsel,3,588,28-12-2018,east,1764
1303,pink morsel,3,599,28-12-2018,west,1797
1304,pink morsel,3,542,29-12-2018,north,1626
1305,pink morsel,3,598,29-12-2018,south,1794
1306,pink morsel,3,565,29-12-2018,east,1695
1307,pink morsel,3,580,29-12-2018,west,1740
1308,pink morsel,3,586,30-12-2018,north,1758
1309,pink morsel,3,595,30-12-2018,south,1785
1310,pink morsel,3,533,30-12-2018,east,1599
1311,pink morsel,3,563,30-12-2018,west,1689
1312,pink morsel,3,509,31-12-2018,north,1527
1313,pink morsel,3,570,31-12-2018,south,1710
1314,pink morsel,3,530,31-12-2018,east,1590
1315,pink morsel,3,551,31-12-2018,west,1653
1316,pink morsel,3,506,01-01-2019,north,1518
1317,pink morsel,3,544,01-01-2019,south,1632
1318,pink morsel,3,585,01-01-2019,east,1755
1319,pink morsel,3,517,01-01-2019,west,1551
1320,pink morsel,3,589,02-01-2019,north,1767
1321,pink morsel,3,535,02-01-2019,south,1605
1322,pink morsel,3,564,02-01-2019,east,1692
1323,pink morsel,3,598,02-01-2019,west,1794
1324,pink morsel,3,565,03-01-2019,north,1695
1325,pink morsel,3,579,03-01-2019,south,1737
1326,pink morsel,3,525,03-01-2019,east,1575
1327,pink morsel,3,503,03-01-2019,west,1509
1328,pink morsel,3,530,04-01-2019,north,1590
1329,pink morsel,3,500,04-01-2019,south,1500
1330,pink morsel,3,530,04-01-2019,east,1590
1331,pink morsel,3,546,04-01-2019,west,1638
1332,pink morsel,3,587,05-01-2019,north,1761
1333,pink morsel,3,530,05-01-2019,south,1590
1334,pink morsel,3,575,05-01-2019,east,1725
1335,pink morsel,3,517,05-01-2019,west,1551
1336,pink morsel,3,548,06-01-2019,north,1644
1337,pink morsel,3,593,06-01-2019,south,1779
1338,pink morsel,3,598,06-01-2019,east,1794
1339,pink morsel,3,546,06-01-2019,west,1638
1340,pink morsel,3,548,07-01-2019,north,1644
1341,pink morsel,3,549,07-01-2019,south,1647
1342,pink morsel,3,564,07-01-2019,east,1692
1343,pink morsel,3,541,07-01-2019,west,1623
1344,pink morsel,3,574,08-01-2019,north,1722
1345,pink morsel,3,517,08-01-2019,south,1551
1346,pink morsel,3,577,08-01-2019,east,1731
1347,pink morsel,3,567,08-01-2019,west,1701
1348,pink morsel,3,500,09-01-2019,north,1500
1349,pink morsel,3,588,09-01-2019,south,1764
1350,pink morsel,3,588,09-01-2019,east,1764
1351,pink morsel,3,545,09-01-2019,west,1635
1352,pink morsel,3,589,10-01-2019,north,1767
1353,pink morsel,3,517,10-01-2019,south,1551
1354,pink morsel,3,504,10-01-2019,east,1512
1355,pink morsel,3,562,10-01-2019,west,1686
1356,pink morsel,3,554,11-01-2019,north,1662
1357,pink morsel,3,504,11-01-2019,south,1512
1358,pink morsel,3,536,11-01-2019,east,1608
1359,pink morsel,3,537,11-01-2019,west,1611
1360,pink morsel,3,522,12-01-2019,north,1566
1361,pink morsel,3,591,12-01-2019,south,1773
1362,pink morsel,3,569,12-01-2019,east,1707
1363,pink morsel,3,584,12-01-2019,west,1752
1364,pink morsel,3,517,13-01-2019,north,1551
1365,pink morsel,3,501,13-01-2019,south,1503
1366,pink morsel,3,512,13-01-2019,east,1536
1367,pink morsel,3,576,13-01-2019,west,1728
1368,pink morsel,3,564,14-01-2019,north,1692
1369,pink morsel,3,507,14-01-2019,south,1521
1370,pink morsel,3,566,14-01-2019,east,1698
1371,pink morsel,3,597,14-01-2019,west,1791
1372,pink morsel,3,535,15-01-2019,north,1605
1373,pink morsel,3,587,15-01-2019,south,1761
1374,pink morsel,3,539,15-01-2019,east,1617
1375,pink morsel,3,501,15-01-2019,west,1503
1376,pink morsel,3,516,16-01-2019,north,1548
1377,pink morsel,3,578,16-01-2019,south,1734
1378,pink morsel,3,502,16-01-2019,east,1506
1379,pink morsel,3,511,16-01-2019,west,1533
1380,pink morsel,3,530,17-01-2019,north,1590
1381,pink morsel,3,569,17-01-2019,south,1707
1382,pink morsel,3,503,17-01-2019,east,1509
1383,pink morsel,3,551,17-01-2019,west,1653
1384,pink morsel,3,524,18-01-2019,north,1572
1385,pink morsel,3,521,18-01-2019,south,1563
1386,pink morsel,3,545,18-01-2019,east,1635
1387,pink morsel,3,578,18-01-2019,west,1734
1388,pink morsel,3,529,19-01-2019,north,1587
1389,pink morsel,3,502,19-01-2019,south,1506
1390,pink morsel,3,563,19-01-2019,east,1689
1391,pink morsel,3,567,19-01-2019,west,1701
1392,pink morsel,3,569,20-01-2019,north,1707
1393,pink morsel,3,519,20-01-2019,south,1557
1394,pink morsel,3,574,20-01-2019,east,1722
1395,pink morsel,3,543,20-01-2019,west,1629
1396,pink morsel,3,537,21-01-2019,north,1611
1397,pink morsel,3,505,21-01-2019,south,1515
1398,pink morsel,3,538,21-01-2019,east,1614
1399,pink morsel,3,531,21-01-2019,west,1593
1400,pink morsel,3,573,22-01-2019,north,1719
1401,pink morsel,3,502,22-01-2019,south,1506
1402,pink morsel,3,598,22-01-2019,east,1794
1403,pink morsel,3,577,22-01-2019,west,1731
1404,pink morsel,3,554,23-01-2019,north,1662
1405,pink morsel,3,576,23-01-2019,south,1728
1406,pink morsel,3,521,23-01-2019,east,1563
1407,pink morsel,3,554,23-01-2019,west,1662
1408,pink morsel,3,549,24-01-2019,north,1647
1409,pink morsel,3,546,24-01-2019,south,1638
1410,pink morsel,3,519,24-01-2019,east,1557
1411,pink morsel,3,506,24-01-2019,west,1518
1412,pink morsel,3,520,25-01-2019,north,1560
1413,pink morsel,3,552,25-01-2019,south,1656
1414,pink morsel,3,569,25-01-2019,east,1707
1415,pink morsel,3,589,25-01-2019,west,1767
1416,pink morsel,3,557,26-01-2019,north,1671
1417,pink morsel,3,562,26-01-2019,south,1686
1418,pink morsel,3,551,26-01-2019,east,1653
1419,pink morsel,3,549,26-01-2019,west,1647
1420,pink morsel,3,508,27-01-2019,north,1524
1421,pink morsel,3,501,27-01-2019,south,1503
1422,pink morsel,3,511,27-01-2019,east,1533
1423,pink morsel,3,595,27-01-2019,west,1785
1424,pink morsel,3,577,28-01-2019,north,1731
1425,pink morsel,3,594,28-01-2019,south,1782
1426,pink morsel,3,520,28-01-2019,east,1560
1427,pink morsel,3,594,28-01-2019,west,1782
1428,pink morsel,3,500,29-01-2019,north,1500
1429,pink morsel,3,576,29-01-2019,south,1728
1430,pink morsel,3,535,29-01-2019,east,1605
1431,pink morsel,3,538,29-01-2019,west,1614
1432,pink morsel,3,594,30-01-2019,north,1782
1433,pink morsel,3,546,30-01-2019,south,1638
1434,pink morsel,3,599,30-01-2019,east,1797
1435,pink morsel,3,547,30-01-2019,west,1641
1436,pink morsel,3,550,31-01-2019,north,1650
1437,pink morsel,3,512,31-01-2019,south,1536
1438,pink morsel,3,533,31-01-2019,east,1599
1439,pink morsel,3,580,31-01-2019,west,1740
1440,pink morsel,3,583,01-02-2019,north,1749
1441,pink morsel,3,527,01-02-2019,south,1581
1442,pink morsel,3,554,01-02-2019,east,1662
1443,pink morsel,3,503,01-02-2019,west,1509
1444,pink morsel,3,532,02-02-2019,north,1596
1445,pink morsel,3,546,02-02-2019,south,1638
1446,pink morsel,3,582,02-02-2019,east,1746
1447,pink morsel,3,537,02-02-2019,west,1611
1448,pink morsel,3,534,03-02-2019,north,1602
1449,pink morsel,3,574,03-02-2019,south,1722
1450,pink morsel,3,578,03-02-2019,east,1734
1451,pink morsel,3,583,03-02-2019,west,1749
1452,pink morsel,3,516,04-02-2019,north,1548
1453,pink morsel,3,549,04-02-2019,south,1647
1454,pink morsel,3,520,04-02-2019,east,1560
1455,pink morsel,3,514,04-02-2019,west,1542
1456,pink morsel,3,539,05-02-2019,north,1617
1457,pink morsel,3,553,05-02-2019,south,1659
1458,pink morsel,3,558,05-02-2019,east,1674
1459,pink morsel,3,508,05-02-2019,west,1524
1460,pink morsel,3,517,06-02-2019,north,1551
1461,pink morsel,3,574,06-02-2019,south,1722
1462,pink morsel,3,521,06-02-2019,east,1563
1463,pink morsel,3,564,06-02-2019,west,1692
1464,pink morsel,3,578,07-02-2019,north,1734
1465,pink morsel,3,528,07-02-2019,south,1584
1466,pink morsel,3,554,07-02-2019,east,1662
1467,pink morsel,3,515,07-02-2019,west,1545
1468,pink morsel,3,554,08-02-2019,north,1662
1469,pink morsel,3,538,08-02-2019,south,1614
1470,pink morsel,3,573,08-02-2019,east,1719
1471,pink morsel,3,596,08-02-2019,west,1788
1472,pink morsel,3,593,09-02-2019,north,1779
1473,pink morsel,3,555,09-02-2019,south,1665
1474,pink morsel,3,535,09-02-2019,east,1605
1475,pink morsel,3,547,09-02-2019,west,1641
1476,pink morsel,3,575,10-02-2019,north,1725
1477,pink morsel,3,537,10-02-2019,south,1611
1478,pink morsel,3,520,10-02-2019,east,1560
1479,pink morsel,3,525,10-02-2019,west,1575
1480,pink morsel,3,521,11-02-2019,north,1563
1481,pink morsel,3,591,11-02-2019,south,1773
1482,pink morsel,3,512,11-02-2019,east,1536
1483,pink morsel,3,517,11-02-2019,west,1551
1484,pink morsel,3,524,12-02-2019,north,1572
1485,pink morsel,3,536,12-02-2019,south,1608
1486,pink morsel,3,584,12-02-2019,east,1752
1487,pink morsel,3,578,12-02-2019,west,1734
1488,pink morsel,3,562,13-02-2019,north,1686
1489,pink morsel,3,594,13-02-2019,south,1782
1490,pink morsel,3,500,13-02-2019,east,1500
1491,pink morsel,3,577,13-02-2019,west,1731
1492,pink morsel,3,575,14-02-2019,north,1725
1493,pink morsel,3,526,14-02-2019,south,1578
1494,pink morsel,3,520,14-02-2019,east,1560
1495,pink morsel,3,548,14-02-2019,west,1644
1496,pink morsel,3,522,15-02-2019,north,1566
1497,pink morsel,3,528,15-02-2019,south,1584
1498,pink morsel,3,565,15-02-2019,east,1695
1499,pink morsel,3,578,15-02-2019,west,1734
1500,pink morsel,3,598,16-02-2019,north,1794
1501,pink morsel,3,577,16-02-2019,south,1731
1502,pink morsel,3,558,16-02-2019,east,1674
1503,pink morsel,3,533,16-02-2019,west,1599
1504,pink morsel,3,504,17-02-2019,north,1512
1505,pink morsel,3,551,17-02-2019,south,1653
1506,pink morsel,3,574,17-02-2019,east,1722
1507,pink morsel,3,547,17-02-2019,west,1641
1508,pink morsel,3,565,18-02-2019,north,1695
1509,pink morsel,3,583,18-02-2019,south,1749
1510,pink morsel,3,576,18-02-2019,east,1728
1511,pink morsel,3,588,18-02-2019,west,1764
1512,pink morsel,3,572,19-02-2019,north,1716
1513,pink morsel,3,533,19-02-2019,south,1599
1514,pink morsel,3,532,19-02-2019,east,1596
1515,pink morsel,3,548,19-02-2019,west,1644
1516,pink morsel,3,580,20-02-2019,north,1740
1517,pink morsel,3,547,20-02-2019,south,1641
1518,pink morsel,3,522,20-02-2019,east,1566
1519,pink morsel,3,552,20-02-2019,west,1656
1520,pink morsel,3,533,21-02-2019,north,1599
1521,pink morsel,3,575,21-02-2019,south,1725
1522,pink morsel,3,577,21-02-2019,east,1731
1523,pink morsel,3,573,21-02-2019,west,1719
1524,pink morsel,3,590,22-02-2019,north,1770
1525,pink morsel,3,598,22-02-2019,south,1794
1526,pink morsel,3,575,22-02-2019,east,1725
1527,pink morsel,3,571,22-02-2019,west,1713
1528,pink morsel,3,533,23-02-2019,north,1599
1529,pink morsel,3,581,23-02-2019,south,1743
1530,pink morsel,3,506,23-02-2019,east,1518
1531,pink morsel,3,538,23-02-2019,west,1614
1532,pink morsel,3,564,24-02-2019,north,1692
1533,pink morsel,3,585,24-02-2019,south,1755
1534,pink morsel,3,551,24-02-2019,east,1653
1535,pink morsel,3,508,24-02-2019,west,1524
1536,pink morsel,3,545,25-02-2019,north,1635
1537,pink morsel,3,578,25-02-2019,south,1734
1538,pink morsel,3,571,25-02-2019,east,1713
1539,pink morsel,3,526,25-02-2019,west,1578
1540,pink morsel,3,522,26-02-2019,north,1566
1541,pink morsel,3,551,26-02-2019,south,1653
1542,pink morsel,3,502,26-02-2019,east,1506
1543,pink morsel,3,552,26-02-2019,west,1656
1544,pink morsel,3,531,27-02-2019,north,1593
1545,pink morsel,3,515,27-02-2019,south,1545
1546,pink morsel,3,578,27-02-2019,east,1734
1547,pink morsel,3,545,27-02-2019,west,1635
1548,pink morsel,3,570,28-02-2019,north,1710
1549,pink morsel,3,523,28-02-2019,south,1569
1550,pink morsel,3,577,28-02-2019,east,1731
1551,pink morsel,3,533,28-02-2019,west,1599
1552,pink morsel,3,531,01-03-2019,north,1593
1553,pink morsel,3,569,01-03-2019,south,1707
1554,pink morsel,3,546,01-03-2019,east,1638
1555,pink morsel,3,513,01-03-2019,west,1539
1556,pink morsel,3,594,02-03-2019,north,1782
1557,pink morsel,3,598,02-03-2019,south,1794
1558,pink morsel,3,536,02-03-2019,east,1608
1559,pink morsel,3,563,02-03-2019,west,1689
1560,pink morsel,3,566,03-03-2019,north,1698
1561,pink morsel,3,506,03-03-2019,south,1518
1562,pink morsel,3,531,03-03-2019,east,1593
1563,pink morsel,3,537,03-03-2019,west,1611
1564,pink morsel,3,529,04-03-2019,north,1587
1565,pink morsel,3,562,04-03-2019,south,1686
1566,pink morsel,3,506,04-03-2019,east,1518
1567,pink morsel,3,544,04-03-2019,west,1632
1568,pink morsel,3,522,05-03-2019,north,1566
1569,pink morsel,3,523,05-03-2019,south,1569
1570,pink morsel,3,581,05-03-2019,east,1743
1571,pink morsel,3,519,05-03-2019,west,1557
1572,pink morsel,3,582,06-03-2019,north,1746
1573,pink morsel,3,554,06-03-2019,south,1662
1574,pink morsel,3,558,06-03-2019,east,1674
1575,pink morsel,3,536,06-03-2019,west,1608
1576,pink morsel,3,517,07-03-2019,north,1551
1577,pink morsel,3,527,07-03-2019,south,1581
1578,pink morsel,3,520,07-03-2019,east,1560
1579,pink morsel,3,558,07-03-2019,west,1674
1580,pink morsel,3,507,08-03-2019,north,1521
1581,pink morsel,3,594,08-03-2019,south,1782
1582,pink morsel,3,539,08-03-2019,east,1617
1583,pink morsel,3,599,08-03-2019,west,1797
1584,pink morsel,3,511,09-03-2019,north,1533
1585,pink morsel,3,583,09-03-2019,south,1749
1586,pink morsel,3,552,09-03-2019,east,1656
1587,pink morsel,3,548,09-03-2019,west,1644
1588,pink morsel,3,515,10-03-2019,north,1545
1589,pink morsel,3,592,10-03-2019,south,1776
1590,pink morsel,3,550,10-03-2019,east,1650
1591,pink morsel,3,579,10-03-2019,west,1737
1592,pink morsel,3,553,11-03-2019,north,1659
1593,pink morsel,3,574,11-03-2019,south,1722
1594,pink morsel,3,563,11-03-2019,east,1689
1595,pink morsel,3,564,11-03-2019,west,1692
1596,pink morsel,3,506,12-03-2019,north,1518
1597,pink morsel,3,527,12-03-2019,south,1581
1598,pink morsel,3,542,12-03-2019,east,1626
1599,pink morsel,3,556,12-03-2019,west,1668
1600,pink morsel,3,508,13-03-2019,north,1524
1601,pink morsel,3,599,13-03-2019,south,1797
1602,pink morsel,3,514,13-03-2019,east,1542
1603,pink morsel,3,551,13-03-2019,west,1653
1604,pink morsel,3,559,14-03-2019,north,1677
1605,pink morsel,3,508,14-03-2019,south,1524
1606,pink morsel,3,564,14-03-2019,east,1692
1607,pink morsel,3,568,14-03-2019,west,1704
1608,pink morsel,3,549,15-03-2019,north,1647
1609,pink morsel,3,557,15-03-2019,south,1671
1610,pink morsel,3,521,15-03-2019,east,1563
1611,pink morsel,3,550,15-03-2019,west,1650
1612,pink morsel,3,521,16-03-2019,north,1563
1613,pink morsel,3,560,16-03-2019,south,1680
1614,pink morsel,3,576,16-03-2019,east,1728
1615,pink morsel,3,560,16-03-2019,west,1680
1616,pink morsel,3,561,17-03-2019,north,1683
1617,pink morsel,3,546,17-03-2019,south,1638
1618,pink morsel,3,515,17-03-2019,east,1545
1619,pink morsel,3,557,17-03-2019,west,1671
1620,pink morsel,3,567,18-03-2019,north,1701
1621,pink morsel,3,505,18-03-2019,south,1515
1622,pink morsel,3,588,18-03-2019,east,1764
1623,pink morsel,3,556,18-03-2019,west,1668
1624,pink morsel,3,559,19-03-2019,north,1677
1625,pink morsel,3,584,19-03-2019,south,1752
1626,pink morsel,3,545,19-03-2019,east,1635
1627,pink morsel,3,535,19-03-2019,west,1605
1628,pink morsel,3,545,20-03-2019,north,1635
1629,pink morsel,3,532,20-03-2019,south,1596
1630,pink morsel,3,536,20-03-2019,east,1608
1631,pink morsel,3,593,20-03-2019,west,1779
1632,pink morsel,3,592,21-03-2019,north,1776
1633,pink morsel,3,545,21-03-2019,south,1635
1634,pink morsel,3,597,21-03-2019,east,1791
1635,pink morsel,3,593,21-03-2019,west,1779
1636,pink morsel,3,582,22-03-2019,north,1746
1637,pink morsel,3,515,22-03-2019,south,1545
1638,pink morsel,3,589,22-03-2019,east,1767
1639,pink morsel,3,577,22-03-2019,west,1731
1640,pink morsel,3,578,23-03-2019,north,1734
1641,pink morsel,3,503,23-03-2019,south,1509
1642,pink morsel,3,562,23-03-2019,east,1686
1643,pink morsel,3,599,23-03-2019,west,1797
1644,pink morsel,3,522,24-03-2019,north,1566
1645,pink morsel,3,519,24-03-2019,south,1557
1646,pink morsel,3,599,24-03-2019,east,1797
1647,pink morsel,3,585,24-03-2019,west,1755
1648,pink morsel,3,550,25-03-2019,north,1650
1649,pink morsel,3,500,25-03-2019,south,1500
1650,pink morsel,3,518,25-03-2019,east,1554
1651,pink morsel,3,578,25-03-2019,west,1734
1652,pink morsel,3,567,26-03-2019,north,1701
1653,pink morsel,3,594,26-03-2019,south,1782
1654,pink morsel,3,599,26-03-2019,east,1797
1655,pink morsel,3,519,26-03-2019,west,1557
1656,pink morsel,3,556,27-03-2019,north,1668
1657,pink morsel,3,525,27-03-2019,south,1575
1658,pink morsel,3,536,27-03-2019,east,1608
1659,pink morsel,3,509,27-03-2019,west,1527
1660,pink morsel,3,506,28-03-2019,north,1518
1661,pink morsel,3,503,28-03-2019,south,1509
1662,pink morsel,3,589,28-03-2019,east,1767
1663,pink morsel,3,519,28-03-2019,west,1557
1664,pink morsel,3,535,29-03-2019,north,1605
1665,pink morsel,3,562,29-03-2019,south,1686
1666,pink morsel,3,552,29-03-2019,east,1656
1667,pink morsel,3,551,29-03-2019,west,1653
1668,pink morsel,3,574,30-03-2019,north,1722
1669,pink morsel,3,531,30-03-2019,south,1593
1670,pink morsel,3,519,30-03-2019,east,1557
1671,pink morsel,3,570,30-03-2019,west,1710
1672,pink morsel,3,595,31-03-2019,north,1785
1673,pink morsel,3,570,31-03-2019,south,1710
1674,pink morsel,3,551,31-03-2019,east,1653
1675,pink morsel,3,524,31-03-2019,west,1572
1676,pink morsel,3,504,01-04-2019,north,1512
1677,pink morsel,3,598,01-04-2019,south,1794
1678,pink morsel,3,523,01-04-2019,east,1569
1679,pink morsel,3,536,01-04-2019,west,1608
1680,pink morsel,3,541,02-04-2019,north,1623
1681,pink morsel,3,597,02-04-2019,south,1791
1682,pink morsel,3,595,02-04-2019,east,1785
1683,pink morsel,3,543,02-04-2019,west,1629
1684,pink morsel,3,513,03-04-2019,north,1539
1685,pink morsel,3,542,03-04-2019,south,1626
1686,pink morsel,3,565,03-04-2019,east,1695
1687,pink morsel,3,506,03-04-2019,west,1518
1688,pink morsel,3,510,04-04-2019,north,1530
1689,pink morsel,3,561,04-04-2019,south,1683
1690,pink morsel,3,554,04-04-2019,east,1662
1691,pink morsel,3,544,04-04-2019,west,1632
1692,pink morsel,3,538,05-04-2019,north,1614
1693,pink morsel,3,535,05-04-2019,south,1605
1694,pink morsel,3,554,05-04-2019,east,1662
1695,pink morsel,3,571,05-04-2019,west,1713
1696,pink morsel,3,583,06-04-2019,north,1749
1697,pink morsel,3,571,06-04-2019,south,1713
1698,pink morsel,3,572,06-04-2019,east,1716
1699,pink morsel,3,519,06-04-2019,west,1557
1700,pink morsel,3,535,07-04-2019,north,1605
1701,pink morsel,3,545,07-04-2019,south,1635
1702,pink morsel,3,506,07-04-2019,east,1518
1703,pink morsel,3,544,07-04-2019,west,1632
1704,pink morsel,3,571,08-04-2019,north,1713
1705,pink morsel,3,593,08-04-2019,south,1779
1706,pink morsel,3,581,08-04-2019,east,1743
1707,pink morsel,3,525,08-04-2019,west,1575
1708,pink morsel,3,576,09-04-2019,north,1728
1709,pink morsel,3,573,09-04-2019,south,1719
1710,pink morsel,3,585,09-04-2019,east,1755
1711,pink morsel,3,539,09-04-2019,west,1617
1712,pink morsel,3,514,10-04-2019,north,1542
1713,pink morsel,3,542,10-04-2019,south,1626
1714,pink morsel,3,503,10-04-2019,east,1509
1715,pink morsel,3,546,10-04-2019,west,1638
1716,pink morsel,3,527,11-04-2019,north,1581
1717,pink morsel,3,560,11-04-2019,south,1680
1718,pink morsel,3,523,11-04-2019,east,1569
1719,pink morsel,3,545,11-04-2019,west,1635
1720,pink morsel,3,513,12-04-2019,north,1539
1721,pink morsel,3,529,12-04-2019,south,1587
1722,pink morsel,3,531,12-04-2019,east,1593
1723,pink morsel,3,527,12-04-2019,west,1581
1724,pink morsel,3,505,13-04-2019,north,1515
1725,pink morsel,3,537,13-04-2019,south,1611
1726,pink morsel,3,548,13-04-2019,east,1644
1727,pink morsel,3,598,13-04-2019,west,1794
1728,pink morsel,3,500,14-04-2019,north,1500
1729,pink morsel,3,579,14-04-2019,south,1737
1730,pink morsel,3,574,14-04-2019,east,1722
1731,pink morsel,3,588,14-04-2019,west,1764
1732,pink morsel,3,510,15-04-2019,north,1530
1733,pink morsel,3,534,15-04-2019,south,1602
1734,pink morsel,3,508,15-04-2019,east,1524
1735,pink morsel,3,590,15-04-2019,west,1770
1736,pink morsel,3,532,16-04-2019,north,1596
1737,pink morsel,3,556,16-04-2019,south,1668
1738,pink morsel,3,528,16-04-2019,east,1584
1739,pink morsel,3,571,16-04-2019,west,1713
1740,pink morsel,3,523,17-04-2019,north,1569
1741,pink morsel,3,562,17-04-2019,south,1686
1742,pink morsel,3,549,17-04-2019,east,1647
1743,pink morsel,3,503,17-04-2019,west,1509
1744,pink morsel,3,530,18-04-2019,north,1590
1745,pink morsel,3,550,18-04-2019,south,1650
1746,pink morsel,3,519,18-04-2019,east,1557
1747,pink morsel,3,525,18-04-2019,west,1575
1748,pink morsel,3,591,19-04-2019,north,1773
1749,pink morsel,3,543,19-04-2019,south,1629
1750,pink morsel,3,508,19-04-2019,east,1524
1751,pink morsel,3,504,19-04-2019,west,1512
1752,pink morsel,3,507,20-04-2019,north,1521
1753,pink morsel,3,551,20-04-2019,south,1653
1754,pink morsel,3,528,20-04-2019,east,1584
1755,pink morsel,3,571,20-04-2019,west,1713
1756,pink morsel,3,561,21-04-2019,north,1683
1757,pink morsel,3,583,21-04-2019,south,1749
1758,pink morsel,3,515,21-04-2019,east,1545
1759,pink morsel,3,543,21-04-2019,west,1629
1760,pink morsel,3,511,22-04-2019,north,1533
1761,pink morsel,3,529,22-04-2019,south,1587
1762,pink morsel,3,557,22-04-2019,east,1671
1763,pink morsel,3,550,22-04-2019,west,1650
1764,pink morsel,3,556,23-04-2019,north,1668
1765,pink morsel,3,558,23-04-2019,south,1674
1766,pink morsel,3,576,23-04-2019,east,1728
1767,pink morsel,3,506,23-04-2019,west,1518
1768,pink morsel,3,518,24-04-2019,north,1554
1769,pink morsel,3,573,24-04-2019,south,1719
1770,pink morsel,3,582,24-04-2019,east,1746
1771,pink morsel,3,555,24-04-2019,west,1665
1772,pink morsel,3,501,25-04-2019,north,1503
1773,pink morsel,3,564,25-04-2019,south,1692
1774,pink morsel,3,575,25-04-2019,east,1725
1775,pink morsel,3,588,25-04-2019,west,1764
1776,pink morsel,3,570,26-04-2019,north,1710
1777,pink morsel,3,545,26-04-2019,south,1635
1778,pink morsel,3,588,26-04-2019,east,1764
1779,pink morsel,3,586,26-04-2019,west,1758
1780,pink morsel,3,580,27-04-2019,north,1740
1781,pink morsel,3,592,27-04-2019,south,1776
1782,pink morsel,3,580,27-04-2019,east,1740
1783,pink morsel,3,540,27-04-2019,west,1620
1784,pink morsel,3,522,28-04-2019,north,1566
1785,pink morsel,3,568,28-04-2019,south,1704
1786,pink morsel,3,526,28-04-2019,east,1578
1787,pink morsel,3,501,28-04-2019,west,1503
1788,pink morsel,3,534,29-04-2019,north,1602
1789,pink morsel,3,597,29-04-2019,south,1791
1790,pink morsel,3,584,29-04-2019,east,1752
1791,pink morsel,3,600,29-04-2019,west,1800
1792,pink morsel,3,573,30-04-2019,north,1719
1793,pink morsel,3,589,30-04-2019,south,1767
1794,pink morsel,3,500,30-04-2019,east,1500
1795,pink morsel,3,541,30-04-2019,west,1623
1796,pink morsel,3,555,01-05-2019,north,1665
1797,pink morsel,3,600,01-05-2019,south,1800
1798,pink morsel,3,577,01-05-2019,east,1731
1799,pink morsel,3,514,01-05-2019,west,1542
1800,pink morsel,3,525,02-05-2019,north,1575
1801,pink morsel,3,516,02-05-2019,south,1548
1802,pink morsel,3,599,02-05-2019,east,1797
1803,pink morsel,3,507,02-05-2019,west,1521
1804,pink morsel,3,520,03-05-2019,north,1560
1805,pink morsel,3,507,03-05-2019,south,1521
1806,pink morsel,3,535,03-05-2019,east,1605
1807,pink morsel,3,580,03-05-2019,west,1740
1808,pink morsel,3,539,04-05-2019,north,1617
1809,pink morsel,3,581,04-05-2019,south,1743
1810,pink morsel,3,543,04-05-2019,east,1629
1811,pink morsel,3,583,04-05-2019,west,1749
1812,pink morsel,3,504,05-05-2019,north,1512
1813,pink morsel,3,582,05-05-2019,south,1746
1814,pink morsel,3,510,05-05-2019,east,1530
1815,pink morsel,3,537,05-05-2019,west,1611
1816,pink morsel,3,523,06-05-2019,north,1569
1817,pink morsel,3,563,06-05-2019,south,1689
1818,pink morsel,3,519,06-05-2019,east,1557
1819,pink morsel,3,520,06-05-2019,west,1560
1820,pink morsel,3,550,07-05-2019,north,1650
1821,pink morsel,3,565,07-05-2019,south,1695
1822,pink morsel,3,540,07-05-2019,east,1620
1823,pink morsel,3,548,07-05-2019,west,1644
1824,pink morsel,3,600,08-05-2019,north,1800
1825,pink morsel,3,505,08-05-2019,south,1515
1826,pink morsel,3,595,08-05-2019,east,1785
1827,pink morsel,3,550,08-05-2019,west,1650
1828,pink morsel,3,599,09-05-2019,north,1797
1829,pink morsel,3,547,09-05-2019,south,1641
1830,pink morsel,3,555,09-05-2019,east,1665
1831,pink morsel,3,589,09-05-2019,west,1767
1832,pink morsel,3,500,10-05-2019,north,1500
1833,pink morsel,3,596,10-05-2019,south,1788
1834,pink morsel,3,575,10-05-2019,east,1725
1835,pink morsel,3,519,10-05-2019,west,1557
1836,pink morsel,3,501,11-05-2019,north,1503
1837,pink morsel,3,506,11-05-2019,south,1518
1838,pink morsel,3,550,11-05-2019,east,1650
1839,pink morsel,3,538,11-05-2019,west,1614
1840,pink morsel,3,581,12-05-2019,north,1743
1841,pink morsel,3,508,12-05-2019,south,1524
1842,pink morsel,3,587,12-05-2019,east,1761
1843,pink morsel,3,581,12-05-2019,west,1743
1844,pink morsel,3,521,13-05-2019,north,1563
1845,pink morsel,3,572,13-05-2019,south,1716
1846,pink morsel,3,520,13-05-2019,east,1560
1847,pink morsel,3,538,13-05-2019,west,1614
1848,pink morsel,3,539,14-05-2019,north,1617
1849,pink morsel,3,587,14-05-2019,south,1761
1850,pink morsel,3,545,14-05-2019,east,1635
1851,pink morsel,3,538,14-05-2019,west,1614
1852,pink morsel,3,503,15-05-2019,north,1509
1853,pink morsel,3,550,15-05-2019,south,1650
1854,pink morsel,3,585,15-05-2019,east,1755
1855,pink morsel,3,523,15-05-2019,west,1569
1856,pink morsel,3,535,16-05-2019,north,1605
1857,pink morsel,3,565,16-05-2019,south,1695
1858,pink morsel,3,554,16-05-2019,east,1662
1859,pink morsel,3,535,16-05-2019,west,1605
1860,pink morsel,3,577,17-05-2019,north,1731
1861,pink morsel,3,530,17-05-2019,south,1590
1862,pink morsel,3,540,17-05-2019,east,1620
1863,pink morsel,3,584,17-05-2019,west,1752
1864,pink morsel,3,511,18-05-2019,north,1533
1865,pink morsel,3,579,18-05-2019,south,1737
1866,pink morsel,3,536,18-05-2019,east,1608
1867,pink morsel,3,554,18-05-2019,west,1662
1868,pink morsel,3,599,19-05-2019,north,1797
1869,pink morsel,3,576,19-05-2019,south,1728
1870,pink morsel,3,562,19-05-2019,east,1686
1871,pink morsel,3,550,19-05-2019,west,1650
1872,pink morsel,3,565,20-05-2019,north,1695
1873,pink morsel,3,584,20-05-2019,south,1752
1874,pink morsel,3,595,20-05-2019,east,1785
1875,pink morsel,3,556,20-05-2019,west,1668
1876,pink morsel,3,505,21-05-2019,north,1515
1877,pink morsel,3,561,21-05-2019,south,1683
1878,pink morsel,3,598,21-05-2019,east,1794
1879,pink morsel,3,511,21-05-2019,west,1533
1880,pink morsel,3,533,22-05-2019,north,1599
1881,pink morsel,3,587,22-05-2019,south,1761
1882,pink morsel,3,587,22-05-2019,east,1761
1883,pink morsel,3,574,22-05-2019,west,1722
1884,pink morsel,3,542,23-05-2019,north,1626
1885,pink morsel,3,556,23-05-2019,south,1668
1886,pink morsel,3,547,23-05-2019,east,1641
1887,pink morsel,3,580,23-05-2019,west,1740
1888,pink morsel,3,550,24-05-2019,north,1650
1889,pink morsel,3,541,24-05-2019,south,1623
1890,pink morsel,3,551,24-05-2019,east,1653
1891,pink morsel,3,591,24-05-2019,west,1773
1892,pink morsel,3,596,25-05-2019,north,1788
1893,pink morsel,3,527,25-05-2019,south,1581
1894,pink morsel,3,559,25-05-2019,east,1677
1895,pink morsel,3,523,25-05-2019,west,1569
1896,pink morsel,3,597,26-05-2019,north,1791
1897,pink morsel,3,539,26-05-2019,south,1617
1898,pink morsel,3,546,26-05-2019,east,1638
1899,pink morsel,3,514,26-05-2019,west,1542
1900,pink morsel,3,530,27-05-2019,north,1590
1901,pink morsel,3,568,27-05-2019,south,1704
1902,pink morsel,3,560,27-05-2019,east,1680
1903,pink morsel,3,509,27-05-2019,west,1527
1904,pink morsel,3,545,28-05-2019,north,1635
1905,pink morsel,3,585,28-05-2019,south,1755
1906,pink morsel,3,520,28-05-2019,east,1560
1907,pink morsel,3,511,28-05-2019,west,1533
1908,pink morsel,3,533,29-05-2019,north,1599
1909,pink morsel,3,559,29-05-2019,south,1677
1910,pink morsel,3,527,29-05-2019,east,1581
1911,pink morsel,3,560,29-05-2019,west,1680
1912,pink morsel,3,564,30-05-2019,north,1692
1913,pink morsel,3,548,30-05-2019,south,1644
1914,pink morsel,3,572,30-05-2019,east,1716
1915,pink morsel,3,587,30-05-2019,west,1761
1916,pink morsel,3,572,31-05-2019,north,1716
1917,pink morsel,3,588,31-05-2019,south,1764
1918,pink morsel,3,559,31-05-2019,east,1677
1919,pink morsel,3,535,31-05-2019,west,1605
1920,pink morsel,3,560,01-06-2019,north,1680
1921,pink morsel,3,565,01-06-2019,south,1695
1922,pink morsel,3,516,01-06-2019,east,1548
1923,pink morsel,3,563,01-06-2019,west,1689
1924,pink morsel,3,585,02-06-2019,north,1755
1925,pink morsel,3,569,02-06-2019,south,1707
1926,pink morsel,3,519,02-06-2019,east,1557
1927,pink morsel,3,548,02-06-2019,west,1644
1928,pink morsel,3,573,03-06-2019,north,1719
1929,pink morsel,3,560,03-06-2019,south,1680
1930,pink morsel,3,527,03-06-2019,east,1581
1931,pink morsel,3,583,03-06-2019,west,1749
1932,pink morsel,3,534,04-06-2019,north,1602
1933,pink morsel,3,568,04-06-2019,south,1704
1934,pink morsel,3,534,04-06-2019,east,1602
1935,pink morsel,3,518,04-06-2019,west,1554
1936,pink morsel,3,544,05-06-2019,north,1632
1937,pink morsel,3,520,05-06-2019,south,1560
1938,pink morsel,3,549,05-06-2019,east,1647
1939,pink morsel,3,520,05-06-2019,west,1560
1940,pink morsel,3,554,06-06-2019,north,1662
1941,pink morsel,3,515,06-06-2019,south,1545
1942,pink morsel,3,538,06-06-2019,east,1614
1943,pink morsel,3,582,06-06-2019,west,1746
1944,pink morsel,3,571,07-06-2019,north,1713
1945,pink morsel,3,556,07-06-2019,south,1668
1946,pink morsel,3,501,07-06-2019,east,1503
1947,pink morsel,3,586,07-06-2019,west,1758
1948,pink morsel,3,552,08-06-2019,north,1656
1949,pink morsel,3,520,08-06-2019,south,1560
1950,pink morsel,3,570,08-06-2019,east,1710
1951,pink morsel,3,559,08-06-2019,west,1677
1952,pink morsel,3,594,09-06-2019,north,1782
1953,pink morsel,3,555,09-06-2019,south,1665
1954,pink morsel,3,594,09-06-2019,east,1782
1955,pink morsel,3,599,09-06-2019,west,1797
1956,pink morsel,3,566,10-06-2019,north,1698
1957,pink morsel,3,563,10-06-2019,south,1689
1958,pink morsel,3,541,10-06-2019,east,1623
1959,pink morsel,3,589,10-06-2019,west,1767
